station_name,gage_id,lat,lon,upstream_gage_mainline,upstream_gage_trib,upstream_gage
" BELLE FOURCHE RIVER NEAR ELM SPRINGS,SD",06438000,44.369989,-102.5665256,06437000,06430850,06437000
ANDREWS CREEK-LOCH VALE-RMNP,401723105400000,40.29,-105.6666667,,,
ANDREWS SPRING 1,401727105400000,40.29081794,-105.6672272,,,
"ANNIE CREEK NEAR LEAD, SD",06430800,44.32749778,-103.894532,,,
ANTELOPE CR NEAR MISSION SD,06463900,43.27378198,-100.6846396,,,
"ANTELOPE CREEK NR CARSON, ND",06347000,46.5452839,-101.6454228,,,
"APPLE CREEK NR MENOKEN, ND",06349500,46.79443787,-100.6573459,,,
"Adair Creek at Independence, MO",06893830,39.03777778,-94.3633333,,,
Agency Canal Tailwaste near Hardin MT,06293890,45.7305341,-107.567306,,,
"Antelope Creek at 27th Street at Lincoln, Nebr.",06803300,40.80473611,-96.68465,,,
"Arikaree River at Haigler, Nebr.",06821500,40.01773333,-101.99595556,,,
"Auxvasse Creek near Reform, MO",06927240,38.76,-91.8402778,,,
"BAD RIVER NEAR FORT PIERRE, SD",06441500,44.32662738,-100.3843468,06441000,06441110,06441000
"BAD RIVER NEAR MIDLAND,SD",06441000,44.0672095,-101.1608623,06440200,06440200,06440200
"BATTLE CREEK AT HERMOSA,SD",06406000,43.82804586,-103.1960211,06404000,06404000,06404000
"BATTLE CREEK BELOW HERMOSA,SD",06406500,43.72543145,-102.9061231,06404000,06404000,06404000
"BATTLE CREEK NEAR KEYSTONE,SD",06404000,43.87164727,-103.3363029,,,
BEAR BUTTE CR NEAR STURGIS SD,06437500,44.4808495,-103.2759863,06437200,06437200,06437200
"BEAR BUTTE CREEK NEAR DEADWOOD, SD",06437020,44.3355403,-103.6354716,,,
"BEAR BUTTE CREEK NEAR GALENA,SD",06437200,44.3963735,-103.5826922,06437020,06437020,06437020
"BEAR CREEK ABOVE BEAR CREEK LAKE NEAR MORRISON, CO",06710605,39.65202778,-105.17325,06710385,06710385,06710385
"BEAR CREEK ABOVE EVERGREEN, CO",06710385,39.63316667,-105.3369444,,,
"BEAR CREEK NEAR OAKES, ND",06470800,46.22524359,-98.0717809,,,
"BEAR DEN CREEK NEAR MANDAREE, ND",06332515,47.78717057,-102.7686286,,,
"BEAR IN THE LODGE CREEK NEAR WANBLEE,SD",06446700,43.53666558,-101.7985923,,,
"BEAVER C AT CEDAR BLUFFS, KS",06846500,39.98500557,-100.560148,06846000,06846000,06846000
"BEAVER C AT LUDELL, KS",06846000,39.84805785,-100.9615446,,,
"BEAVER CREEK AT MALLO CAMP, NEAR FOUR CORNERS, WY",06392900,44.084945,-104.0605792,,,
"BEAVER CREEK BELOW LINTON, ND",06354580,46.2685687,-100.2526914,,06354480,06354480
"BEAVER CREEK NEAR BUFFALO GAP,SD",06402500,43.4666495,-103.3060308,,06402430,06402430
"BEAVER CREEK NEAR PRINGLE, SD",06402430,43.58133935,-103.4766662,,,
"BEAVER CREEK NR TROTTERS, ND",06336600,47.16307028,-103.9927057,,,
"BELLE FOURCHE R BL RATTLESNAKE C, NR PINEY, WY",06425720,43.98438297,-105.3883998,,,
"BELLE FOURCHE RIVER AT DEVILS TOWER, WY",06427850,44.5894282,-104.7038545,06426500,06426160,06426500
BELLE FOURCHE RIVER AT WY-SD STATE LINE,06428500,44.74883136,-104.0516966,06426500,06426160,06426500
"BELLE FOURCHE RIVER BELOW MOORCROFT, WY",06426500,44.32188385,-104.9406108,06425720,06426160,06425720
"BELLE FOURCHE RIVER NEAR ALVA, WY",06428200,44.78938456,-104.4814336,06426500,06426160,06426500
"BELLE FOURCHE RIVER NEAR FRUITDALE,SD",06436000,44.6908178,-103.7376985,06426500,06430850,06426500
"BELLE FOURCHE RIVER NEAR STURGIS,SD",06437000,44.5130418,-103.1368464,06426500,06430850,06426500
"BIG BLUE R AT MARYSVILLE, KS",06882510,39.8419463,-96.6622425,06881000,06881200,06881000
"BIG BLUE R NR MANHATTAN, KS",06887000,39.2372186,-96.5713918,06882510,06883000,06882510
"BIG BULL C NR EDGERTON, KS",06914950,38.75334168,-94.977188,,,
"BIG BULL C NR HILLSDALE, KS",06915000,38.6563999,-94.8963521,06914950,06914950,06914950
"BIG C NR ELLIS, KS",06863420,38.9233333,-99.6508333,,,
"BIG C NR HAYS, KS",06863500,38.852234,-99.3181589,06863420,06863420,06863420
"BIG DRY CREEK AT MOUTH NEAR FORT LUPTON, CO",06720990,40.0688333,-104.8319861,06720820,06720820,06720820
"BIG DRY CREEK AT WESTMINSTER, CO",06720820,39.90568056,-105.0353889,,,
"BIG DRY CREEK BELOW C-470 AT HIGHLANDS RANCH, CO",06710150,39.5633216,-104.927758,,,
"BIG MUDDY CREEK NEAR ALMONT, ND",06347500,46.69444606,-101.4673665,,,
"BIG SIOUX R AT NORTH CLIFF AVE AT SIOUX FALLS,SD",06482020,43.56700265,-96.7113274,06479438,06481480,06479438
"BIG SIOUX RIVER AT AKRON, IA",06485500,42.8375091,-96.5619306,06479438,06481480,06479438
"BIG SIOUX RIVER AT SIOUX CITY,  IA",06485950,42.52442814,-96.48050958,06479438,06481480,06479438
BIG SIOUX RIVER AT SIOUX FALLS SD,06482000,43.5010864,-96.748384,06479438,06481480,06479438
"BIG SIOUX RIVER AT WATERTOWN,SD",06479500,44.94246436,-97.1461856,06479438,06479438,06479438
"BIG SIOUX RIVER BELOW WATERTOWN, SD",06479520,44.8477423,-97.049515,06479438,06479438,06479438
"BIG SIOUX RIVER NEAR BROOKINGS,SD",06480000,44.1802473,-96.749496,06479438,06479438,06479438
"BIG SIOUX RIVER NEAR BRUCE, SD",06479770,44.4675224,-96.8874204,06479438,06479438,06479438
"BIG SIOUX RIVER NEAR CASTLEWOOD,SD",06479525,44.7315478,-97.0446518,06479438,06479438,06479438
"BIG SIOUX RIVER NEAR DELL RAPIDS,SD",06481000,43.79044595,-96.7456623,06479438,06479438,06479438
"BIG SIOUX RIVER NEAR FLORENCE,SD",06479215,45.18079549,-97.1861904,,,
"BIG SIOUX RIVER NEAR HAWARDEN, IA",06483950,43.05136909,-96.48976258,06479438,06481480,06479438
"BIG SIOUX RIVER NEAR JEFFERSON, SD",06485910,42.62637177,-96.5155946,,,
"BIG SIOUX RIVER NEAR WATERTOWN,SD",06479438,45.0060753,-97.1650756,06479215,06479215,06479215
"BIG THOMPSON BL MORAINE PARK NR ESTES PARK, CO",402114105350101,40.3538611,-105.5841389,,,
"BIG THOMPSON RIVER AT LOVELAND, CO.",06741510,40.37873889,-105.0608167,402114105350101,401707105395000,402114105350101
"BIGHORN RIVER AT BASIN, WY",06274300,44.3832545,-108.0362688,,,
"BIGHORN RIVER AT KANE, WY",06279500,44.75852989,-108.1815559,,,
"BIGHORN RIVER AT WORLAND, WY",06268600,44.01464558,-107.9695955,06222100,06222510,06222100
"BLACK PIPE CREEK NEAR BELVIDERE, SD",06447230,43.75527266,-101.2279205,,,
"BLACK VERMILLION R NR FRANKFORT, KS",06885500,39.68194349,-96.4427888,,,
"BLACKTAIL CREEK NR MARMON,ND",06330515,48.39838889,-103.6242778,,,
"BLUE R AT KENNETH RD, OVERLAND PARK, KS",06893100,38.8422222,-94.6122222,06893080,06893080,06893080
"BLUE R NR STANLEY, KS",06893080,38.8125082,-94.6757906,,,
"BOULDER CREEK AT MOUTH NEAR LONGMONT, CO",06730500,40.13877778,-105.0202222,06730200,06727500,06730200
"BOULDER CREEK AT NORTH 75TH ST. NEAR BOULDER, CO",06730200,40.05165184,-105.1788754,,06727500,06727500
"BOW C NR STOCKTON, KS",06871500,39.56028889,-99.2855722,,,
"BOX ELDER CREEK AT BOXELDER, WY",06647500,42.61191679,-105.8597344,,,
"BOXELDER CR TRIB1 AT COUNTRY RD AT BOX ELDER, SD",06423060,44.12553284,-103.11560368,,,
"BOXELDER CR TRIB2 AT COUNTRY RD AT BOX ELDER, SD",06423070,44.1254042,-103.097511,,,
"BOXELDER CR TRIB3 AT COUNTRY RD AT BOX ELDER, SD",06423080,44.11836637,-103.0818247,06423075,06423075,06423075
"BOXELDER CR TRIB4 AT LIBERTY BLVD AT BOX ELDER, SD",06423090,44.11275543,-103.05096251,440639103014701,440639103014701,440639103014701
"BOXELDER CR TRIB5 AT HWY 1416 NR BOX ELDER, SD",440639103014701,44.11094998,-103.03076738,06423090,06423080,06423090
"BOXELDER CR TRIB6 AT HWY 1416 NR BOX ELDER, SD",06423120,44.11095,-103.02665613,,,
"BOXELDER CREEK AT 151ST AVE NR BOX ELDER, SD",06423100,44.10733888,-103.03037844,06423010,06423010,06423010
"BOXELDER CREEK AT I-90 SERVICE RD NR BOX ELDER, SD",06423050,44.11150508,-103.12496497,06423010,06423010,06423010
"BOXELDER CREEK NEAR NEMO,SD",06422500,44.1443339,-103.4545385,,,
"BOXELDER CREEK NEAR RAPID CITY,SD",06423010,44.131654,-103.2987949,06422500,06422500,06422500
"BOXELDER CREEK TRIB 7 ABV POND 2 AT BOX ELDER, SD",06423075,44.12881074,-103.08807501,06423080,06423080,06423080
"BUFFALO C 4 MI E OF JAMESTOWN, KS",06855850,39.59258056,-97.78143333,,,
"BULL LAKE CREEK ABOVE BULL LAKE, WY",06224000,43.1766111,-109.2025556,,,
"BURNT CREEK NEAR BISMARCK, ND",06342450,46.91495565,-100.813828,,,
Badger Cr bl Four Horns Canal nr Browning MT,06093200,48.36945,-112.8017806,,,
Battle Creek near Chinook MT,06151500,48.64949167,-109.2316944,,,
"Bazile Creek at Center, Nebr.",06466400,42.61573056,-97.87807222,,,
"Bazile Creek near Niobrara, Nebr.",06466500,42.73210833,-97.92254722,06466400,06466400,06466400
Beaver Cr at Res Bndry nr Rocky Boy MT,06139900,48.22408056,-109.6522667,06139800,06139800,06139800
Beaver Cr bl Guston Coulee nr Saco MT,06166000,48.3567833,-107.5821861,,,
"Beaver Creek ab Elk Creek, nr Rocky Boy, MT",06139850,48.17931667,-109.6435694,06139800,06139800,06139800
"Beaver Creek at Genoa, Nebr.",06794000,41.44065833,-97.73466667,,06792500,06792500
"Beaver Creek near Beaver City, Nebr.",06847000,40.1200068,-99.8934566,06846500,06846500,06846500
Beaver Creek near Hinsdale MT,06167500,48.4203111,-107.1711389,06166000,06166000,06166000
Beaverhead River at Barretts MT,06016000,45.11612778,-112.7504944,,06012500,06012500
Beaverhead River at Dillon MT,06017000,45.2183833,-112.6553333,06016000,06016000,06016000
"Beaverhead River at Twin Bridges, MT",06023100,45.54688889,-112.338111,,06023800,06023800
Beaverhead River near Twin Bridges MT,06018500,45.38338889,-112.4528306,06016000,06016000,06016000
Belt Creek near Monarch MT,06090500,47.20859444,-110.93174722,,,
"Bennett Spring at Bennett Springs, MO",06923500,37.7171472,-92.8575722,,,
"Big Anne Cr at Old Hwy 137 at Mariaville, Nebr.",424722099200801,42.78944444,-99.3355556,,,
"Big Beaver Cr at Nebr Hwy 12 nr Valentine, Nebr.",06461300,42.94027778,-100.4575,,,
"Big Blue River at Barneston, Nebr.",06882000,40.04463611,-96.58738611,06881000,06881200,06881000
"Big Blue River near Crete, Nebr.",06881000,40.59658056,-96.96085833,,06880800,06880800
"Big Creek near Blairstown, MO",06921720,38.55497778,-93.9653528,,,
Big Dry Creek near Van Norman MT,06131000,47.3494472,-106.3578167,,,
"Big Hole R bl Hamilton Ditch nr Twin Bridges, MT",06026420,45.5500222,-112.360675,06023800,06023800,06023800
Big Hole River ab Spring Creek nr Jackson MT,06023800,45.36098056,-113.4409667,06023500,06023500,06023500
Big Hole River at Maiden Rock nr Divide MT,06025250,45.7012694,-112.7359694,06023800,06023800,06023800
Big Hole River at Miner Creek nr Jackson MT,06024020,45.42286389,-113.4493944,06023800,06023800,06023800
Big Hole River bl Big Lake Cr at Wisdom MT,06024450,45.61796667,-113.4569417,06023800,06023800,06023800
Big Hole River bl Mudd Cr nr Wisdom MT,06024540,45.80754167,-113.3132694,06023800,06023800,06023800
Big Hole River near Glen MT,06026210,45.4400944,-112.5560917,06023800,06023800,06023800
Big Hole River near Jackson MT,06023500,45.24579167,-113.45715,,,
Big Hole River near Melrose MT,06025500,45.52658056,-112.701725,06023800,06023800,06023800
Big Hole River near Wise River MT,06024580,45.8508222,-113.068361,06023800,06023800,06023800
Big Horn Canal near St. Xavier MT,06286490,45.3163485,-107.9184433,06222100,06276500,06222100
Big Muddy Cr diversion canal nr Medicine Lake MT,06183700,48.5095972,-104.5490333,06183450,06183450,06183450
Big Muddy Creek near Antelope MT,06183450,48.6728972,-104.5120861,,,
Big Muddy Creek nr mouth nr Culbertson MT,06185110,48.16448056,-104.6295194,06183450,06183450,06183450
"Big Nemaha River at Falls City, Nebr.",06815000,40.03551667,-95.59575833,,06814000,06814000
"Big Papillion Cr at 72nd St at Omaha, Nebr.",411232096012401,41.20888889,-96.0233333,06610720,06610720,06610720
"Big Papillion Cr at Harrison St at La Vista, Nebr.",411126096003101,41.19055556,-96.0086111,411232096012401,06610742,411232096012401
"Big Papillion Cr at Old 36th St at Bellevue, Nebr.",410853095575601,41.14805556,-95.9655556,411232096012401,06610742,411232096012401
"Big Papillion Creek at Fort Street at Omaha, Nebr.",06610732,41.30654444,-96.10386389,06610720,06610720,06610720
"Big Papillion Creek at Q Street at Omaha, Nebr.",06610770,41.2052,-96.01605278,411232096012401,06610742,411232096012401
"Big Papillion Creek near Bennington, Nebr.",06610720,41.37886944,-96.18214444,,,
"Big Piney River near Big Piney, MO",06930000,37.66563889,-92.0499167,,06929900,06929900
"Big Piney below Fort Leonard Wood, MO",06930060,37.76025,-92.0579722,06930000,06930000,06930000
"Big Sandy Cr ab Spring Coulee, nr Laredo, MT",06138580,48.45269167,-109.9208278,,06137575,06137575
Big Sandy Creek near Havre MT,06139500,48.52671389,-109.8415778,06138580,06138580,06138580
Big Spring Cr at R&B Trading Post nr Lewistown MT,06111800,47.0878333,-109.4575,,,
Bighorn R bl Yellowtail Afterbay Dam nr St. Xavier,06287000,45.31690278,-107.9188889,06222100,06276500,06222100
Bighorn River ab Tullock Cr nr Bighorn MT,06294500,46.1244722,-107.4687917,06222100,06276500,06222100
"Bighorn River at Two Leggins Bridge, near Hardin",06288400,45.6440863,-107.6582164,06222100,06276500,06222100
"Bighorn River at bridge, at St. Xavier, MT",06287800,45.46075278,-107.7493283,06222100,06276500,06222100
"Bioretention Cell nr 69th and Q St. Omaha, NE",411219096010601,41.2053861,-96.0183472,,,
"Birch Cr Main Canal at diversion, nr Dupuyer, MT",06096001,48.25175,-112.6254444,,,
"Birch Cr bl Heart Butte Road, nr Heart Butte, MT",06094900,48.24466667,-112.6979167,,,
"Birch Creek at Bullhead Bridge, nr Valier, MT",06098120,48.39110278,-112.319661,06094900,06094900,06094900
"Birch Creek at Robare, MT",06097000,48.31985278,-112.5657806,06094900,06094900,06094900
"Blackwater River at Blue Lick, MO",06908000,38.99224236,-93.1968713,06907700,06907700,06907700
"Blackwater River at Valley City, MO",06907700,38.87001315,-93.6221588,,,
"Blue River at 12th Street in Kansas City, MO",06893590,39.09691667,-94.4910278,06893100,385520094420000,06893100
"Blue River at Blue Ridge Blvd Ext in KC, MO",06893150,38.88941667,-94.5806667,06893100,06893100,06893100
"Blue River at Kansas City, MO",06893500,38.957,-94.5588889,06893100,385520094420000,06893100
"Blue River at Stadium Drive in Kansas City, MO",06893578,39.0583384,-94.5118983,06893100,385520094420000,06893100
"Boiling River at Mammoth,YNP",06190540,44.9851333,-110.6893444,06191000,06191000,06191000
"Bone Cr at Wilson St at Ainsworth, Nebr.",423323099520101,42.55638889,-99.8669444,,,
"Bonhomme Creek near Clarkson Valley, MO",06935770,38.65844444,-90.6185,06935755,06935755,06935755
"Bonhomme Creek near Ellisville, MO",06935755,38.60975,-90.6725,,,
Boulder River at Big Timber MT,06200000,45.8337944,-109.9387056,,06197800,06197800
"Boulder River near Boulder, MT",06033000,46.21103056,-112.09165,,,
"Bow Creek near Wynot, Nebr.",06478522,42.76498611,-97.17251111,,,
"Boxelder Creek at Box Elder, MT",06137575,48.31035278,-110.019575,06137570,06137570,06137570
"Boxelder Creek near Rocky Boy, MT",06137570,48.2988333,-109.8354167,,,
"Boyer River at Logan, IA",06609500,41.64169444,-95.7823333,,,
"Brush Creek at Rockhill Road in Kansas City, MO",06893562,39.03925,-94.5787222,06893557,06893557,06893557
"Brush Creek at Ward Parkway in Kansas City, MO",06893557,39.0330833,-94.6053889,06893562,06893562,06893562
"Buffalo Creek near Haigler, Nebr.",06823500,40.03925278,-101.86650556,,,
"Buffalo Creek near Overton, Nebr.",06769000,40.73422222,-99.50573333,,,
"Bull Lake Creek near Lenore, WY",06225000,43.24245665,-109.0229052,06224000,06224000,06224000
"CACHE LA POUDRE RIV AB BOXELDER CRK NR TIMNATH, CO",06752280,40.5519269,-105.011365,06752260,06751490,06752260
"CACHE LA POUDRE RIVER AT FORT COLLINS, CO",06752260,40.5880833,-105.0692222,,06751490,06751490
CAMPBELL C NR LEE'S CORNER,06442718,44.077407,-99.3814387,,,
"CANNONBALL RIVER AT BREIEN, ND",06354000,46.3761111,-100.9344444,06350000,06350000,06350000
"CANNONBALL RIVER AT REGENT, ND",06350000,46.42667116,-102.5518303,,,
"CANNONBALL RIVER AT SOLEN, ND",06354050,46.39055556,-100.7998333,06350000,06350000,06350000
"CANNONBALL RIVER NEAR RALEIGH, ND",06351200,46.12689745,-101.3332835,06350000,06350000,06350000
"CASTLE CREEK ABOVE DEERFIELD RES NEAR HILL CITY,SD",06409000,44.01359238,-103.8304784,,,
CASTLE CREEK BELOW DEERFIELD DAM SD,06410000,44.02914848,-103.7818652,06409000,06409000,06409000
"CEDAR C NR DESOTO, KS",06892495,38.97805556,-94.9227778,,,
"CEDAR CREEK NEAR PRESHO, SD",06442130,44.14026325,-100.0848464,,,
"CEDAR CREEK NR HAYNES, ND",06352000,46.15528136,-102.4757133,,,
"CEDAR CREEK NR RALEIGH, ND",06353000,46.09166988,-101.333742,06352000,06352000,06352000
"CHAPMAN C NR CHAPMAN, KS",06878000,39.031109,-97.0402922,,,
"CHARBONNEAU CREEK NR CHARBONNEAU, ND",06329597,47.85085328,-103.7940907,,,
"CHERRY CREEK AT DENVER, CO.",06713500,39.74248685,-104.9999817,06712000,06712000,06712000
"CHERRY CREEK BELOW CHERRY CREEK LAKE, CO",06713000,39.65359899,-104.8630326,06712000,06712000,06712000
"CHERRY CREEK NEAR FRANKTOWN, CO.",06712000,39.3558234,-104.7633092,,,
"CHERRY CREEK NEAR PARKER, CO",393109104464500,39.5191557,-104.7796975,06712000,06712000,06712000
"CHERRY CREEK NEAR PLAINVIEW,SD",06439000,44.74304495,-102.0534948,,,
"CHERRY CREEK ON STATE HIGHWAY 23 NEAR SCHAFER, ND",06337200,47.8051944,-103.1759944,,,
"CHEYENNE RIVER AT EDGEMONT,SD",06395000,43.3055286,-103.8210312,06365900,06392900,06365900
"CHEYENNE RIVER AT RED SHIRT, SD",06403700,43.6724058,-102.8921298,06395000,06392900,06395000
"CHEYENNE RIVER BELOW ANGOSTURA DAM,SD",06401500,43.34497757,-103.4371412,06395000,06392900,06395000
CHEYENNE RIVER NEAR BUFFALO GAP SD,06402600,43.5019636,-103.0744103,06395000,06392900,06395000
"CHEYENNE RIVER NEAR DULL CENTER, WY",06365900,43.42911,-105.0458829,,,
CHEYENNE RIVER NEAR EAGLE BUTTE SD,06439500,44.69637199,-101.2173711,06408650,06430850,06408650
"CHEYENNE RIVER NEAR PLAINVIEW,SD",06438500,44.5294304,-101.9301531,06408650,06430850,06408650
"CHEYENNE RIVER NEAR SCENIC, SD",06408650,43.8980449,-102.6440611,06395000,06392900,06395000
"CHEYENNE RIVER NEAR SPENCER, WY",06386500,43.42105925,-104.13168626,06365900,06365900,06365900
"CHEYENNE RIVER NEAR WASTA, SD",06423500,44.08109849,-102.4012746,06408650,06418800,06408650
"CHICAGO CREEK BLW DEVILS CANYON NR IDAHO SPRGS, CO",06717400,39.71637678,-105.5713883,,,
"CLEAR CR. ABV. GEORGETOWN LAKE NR GEORGETOWN, CO",394308105413800,39.71887625,-105.6944484,,06714800,06714800
CLEAR CREEK ABV WEST FORK CLEAR CREEK NR EMPIRE CO,06715000,39.7519319,-105.661947,394308105413800,06714800,394308105413800
"CLEAR CREEK AT GOLDEN, CO",06719505,39.75304299,-105.2352667,394308105413800,06714800,394308105413800
"CLEAR CREEK NEAR ARVADA, WY",06324000,44.8715977,-106.0828769,06318500,06320000,06318500
"CLEAR CREEK NEAR BUFFALO, WY",06318500,44.33275055,-106.7772735,,,
"CLEAR CREEK NEAR LAWSON, CO",06716500,39.7658209,-105.6261123,394308105413800,06714800,394308105413800
"CLEGHORN SPRINGS AT RAPID CITY, SD",06412810,44.05887667,-103.2974058,06412200,06410000,06412200
"COLD SPRINGS CREEK AT BUCKHORN, WY",06429500,44.1538335,-104.0780804,,,
"CONEY CREEK ABOVE TWIN LAKES, NEAR BIG HORN, WY",06301480,44.6013136,-107.3176368,,,
"CONEY CREEK BELOW TWIN LAKES, NEAR BIG HORN, WY",06301495,44.6093692,-107.3040253,,,
COTTONWOOD C AT HIGH ISLAND RNCH NR HAMILTON DOME,06265337,43.76263889,-108.6778889,,,
"CRAZY WOMAN CREEK AT UPPER STA, NEAR ARVADA, WY",06316400,44.49104298,-106.1778757,,,
"CROOKED CREEK NEAR EMERSON, ND",06339200,47.1825833,-102.6044444,,,
"CROW CREEK AT 19TH STREET, AT CHEYENNE, WY",06755960,41.1313333,-104.8289167,,,
"CROW CREEK NEAR BEULAH, WY",06430532,44.5705398,-104.0057655,,,
Cains Coulee at Glendive MT,06327450,47.09420556,-104.7132667,,,
Camas C nr Mouth nr White Sulphur Springs MT,06076590,46.6784861,-111.1939194,,,
"Camas Cr at mouth, nr White Sulphur Springs, MT",06076600,46.7033611,-111.192225,06076590,06076590,06076590
Cannon Range Hollow Trib at FLW(Outfall 14),06928330,37.64277778,-92.2222222,,,
"Caulks Creek at Chesterfield, MO",06935830,38.65466667,-90.5948889,,,
"Cedar Cr at U.S. Hwy 20 nr Johnstown, Nebr.",423552100085501,42.59777778,-100.1486111,,,
"Cedar Creek near Pleasant View, MO",06919500,37.83405556,-93.8754722,,,
"Chariton River at Livonia, MO",06904050,40.48402778,-92.6859167,06903400,06903990,06903400
"Chariton River at Novinger, MO",06904500,40.2343333,-92.6863889,06903400,06903990,06903400
"Chariton River near Chariton, IA",06903400,40.9519722,-93.2598889,,,
"Chariton River near Moulton, IA",06904010,40.69252778,-92.7725833,,,
"Chariton River near Prairie Hill, MO",06905500,39.53994444,-92.79075,06904500,06904500,06904500
"Chariton River near Rathbun, IA",06903900,40.8218611,-92.8909722,,,
Clarks Fork Yellowstone River at Edgar MT,06208500,45.46571389,-108.8441056,06207500,06207500,06207500
Clarks Fork Yellowstone River nr Belfry MT,06207500,45.0099111,-109.0653667,,,
"Clear Creek 1.75 mile W of Polk County line, Nebr.",06794650,41.35194444,-97.4033333,,,
Clear Creek near Chinook MT,06142400,48.5788694,-109.3911306,,,
"Coldwater Creek near Black Jack, MO",06936475,38.81794444,-90.2511667,,,
"Cole Creek at Hillside Drive at Omaha, Nebr.",411632096020701,41.27555556,-96.0352778,411829096004801,411829096004801,411829096004801
"Cole Creek at Parkview Lane at Omaha, Nebr.",411829096004801,41.30805556,-96.0133333,,,
"Cooper Creek at Centerville, IA",06903990,40.75091667,-92.8582222,,,
Courtland Canal at Nebraska-Kansas Stateline,06852500,40.00431389,-98.13269167,,,
"Cowmire Creek at Bridgeton, MO",06935980,38.76427778,-90.4327833,,,
"Crackerneck Creek at Selsa Rd. in Independence, MO",06893940,39.05613595,-94.3449535,,,
"Creve Coeur Creek at Chesterfield, MO",06935850,38.6464083,-90.5268889,,,
"Creve Coeur Creek near Creve Coeur, MO",06935890,38.6828611,-90.4878889,06935850,06935850,06935850
"Crooked River near Richmond, MO",06895000,39.33266389,-93.98,,,
"Cut Bank Cr ab Gillam Coulee, nr Sundance, MT",06098800,48.67847778,-112.5940056,06098500,06098500,06098500
Cut Bank Creek at Cut Bank MT,06099000,48.63340278,-112.3464806,06098800,06098800,06098800
Cut Bank Creek near Browning MT,06098500,48.6168583,-113.0361083,,,
"DAKOTA LAKE NR LUDDEN, ND",06470875,45.94774725,-98.1751025,,,
"DEADWOOD CREEK AT CENTRAL CITY, SD",06436165,44.36859538,-103.765754,,,
"DEEP CREEK NEAR AMIDON, ND",06335750,46.57638889,-103.5580556,,,
"DEEPWATER CREEK AT MOUTH NR RAUB, ND",06332770,47.73778499,-102.1076687,,,
"DEER CREEK IN CANYON, NEAR GLENROCK, WY",06646000,42.71160955,-106.0292409,,,
"DELAWARE R AT PERRY, KS",06890900,39.07500017,-95.4038634,06890100,06890100,06890100
"DELAWARE R NR MUSCOTAH, KS",06890100,39.5213873,-95.532756,,,
"DINWOODY CREEK ABOVE LAKES, NEAR BURRIS, WY",06221400,43.34616667,-109.4087778,,,
"DISCOVERY FARMS WATERWAY SITE 1 NEAR UNDERWOOD, ND",472731101175500,47.45860915,-101.2990461,,,
"DISCOVERY FARMS WATERWAY SITE 2 NEAR UNDERWOOD, ND",472727101175000,47.457498,-101.2976572,,,
"DISCOVERY FARMS WATERWAY SITE 3 NEAR UNDERWOOD, ND",472709101175100,47.45249798,-101.297935,,,
"DONKEY CREEK NEAR GILLETTE, WY",06426130,44.2666036,-105.4386822,,,
"DRAGOON C NR BURLINGAME, KS",06911900,38.7091737,-95.8383205,,,
"DRY CREEK CANAL AT HEADGATE, NEAR BURRIS, WY",06222510,43.34384577,-109.2909707,,,
"DRY GULCH AT DENVER, CO",06711770,39.734375,-105.0395556,06711780,06711780,06711780
"DUTCH CR AT PLATTE CANYON DRIVE NEAR LITTLETON, CO",06709910,39.60011111,-105.04192222,,,
"Deadmans Run at 38th Street at Lincoln, Nebr.",06803502,40.835375,-96.66562778,,,
Dearborn River near Craig MT,06073500,47.199025,-112.0959056,,,
"Dismal River near Thedford, Nebr.",06775900,41.77858611,-100.52514722,,,
"Driftwood Creek near McCook, Nebr.",06836500,40.14583333,-100.67386667,,,
"Dugout Creek at mouth, nr Wilsall, MT",06192900,46.18480556,-110.3796389,,,
E Gallatin R ab Water Reclamation Fa nr Bozeman MT,06048650,45.72566667,-111.0661944,,,
"E. FORK SHELL CREEK NR PARSHALL, ND",06332523,47.94862396,-102.214893,,,
"EAST FORK VERMILLION RIVER NEAR PARKER, SD",06478600,43.44525895,-97.1097788,,06478540,06478540
"EAST PASS CREEK NEAR DAYTON, WY",06289820,44.99047828,-107.4229227,,,
"EAST PLUM CR ABV HASKINS GULCH NR CASTLE ROCK, CO",06708800,39.423,-104.9046111,,,
"ELK CR NEAR ROUBAIX,SD",06424000,44.2947073,-103.5968592,,,
"ELK CREEK NEAR ELM SPRINGS,SD",06425500,44.24831768,-102.5032217,06425100,06425100,06425100
"ELK CREEK NR RAPID CITY,SD",06425100,44.2402646,-103.1512907,06424000,06424000,06424000
ELM CREEK NEAR GANN VALLEY SD,06442900,44.07746086,-99.15109761,,,
"ELM RIVER AT WESTPORT,SD",06471500,45.6560866,-98.4970402,,06471200,06471200
"ENCAMPMENT RIVER AB HOG PARK CR, NR ENCAMPMENT, WY",06623800,41.02356508,-106.8248049,,,
"ENCAMPMENT RIVER AT MOUTH, NEAR ENCAMPMENT, WY",06625000,41.30328495,-106.7153597,06623800,06623800,06623800
"East Boulder River bl Dry Fork Cr nr Mcleod, MT",06197800,45.5123333,-110.0877222,,,
East Drywood Creek at Prairie State Park,06917630,37.5353611,-94.5580833,,,
"East Fork 102 River at Bedford, IA",06819185,40.6609722,-94.7163056,,,
"East Fork Big Creek near Bethany, MO",06897000,40.2972222,-94.0262222,,,
"East Fork Grand River at Albany, MO",06896400,40.2486111,-94.3602778,,,
"East Fork Little Blue River near Blue Springs, MO",06893890,39.02556175,-94.3438385,,,
"East Fork Little Chariton R. near Huntsville, MO",06906300,39.45491667,-92.5685,06906200,06906200,06906200
"East Fork Little Chariton River near Macon, MO",06906200,39.75144444,-92.5189444,,06906150,06906150
East Gallatin R bl Bridger C nr Bozeman MT,06048700,45.725425,-111.0685917,06048650,06048650,06048650
"East Locust Creek near Boynton, MO",06901205,40.25888889,-93.0833333,,,
"East Middle Creek at Norden Road nr Norden, Nebr.",06461595,42.79416667,-100.055,,,
"East Nishnabotna River at Red Oak, IA",06809500,41.00902778,-95.2413611,06809210,06809210,06809210
"East Nishnabotna River at Riverton, IA",06809900,40.6946111,-95.5625833,06809500,06809500,06809500
"East Nishnabotna River near Atlantic, IA",06809210,41.346,-95.0768611,,,
"Elkhorn River at Ewing, Nebr.",06797500,42.26858333,-98.33955556,,,
"Elkhorn River at Norfolk, Nebr.",06799000,42.00377778,-97.4260278,,,
"Elkhorn River at Pilger, Nebr.",06799315,41.99499444,-97.05880556,06799000,06799000,06799000
"Elkhorn River at Waterloo, Nebr.",06800500,41.2933333,-96.2838889,06799000,06799460,06799000
"Elkhorn River at West Point, Nebr.",06799350,41.83963611,-96.72741111,06799000,06799000,06799000
"Elm Creek near Elm Creek, Nebr.",06769525,40.72898611,-99.39861667,,,
"FALL RIVER AT HOT SPRINGS,SD",06402000,43.43053476,-103.4763069,,,
"FIRESTEEL CREEK NEAR MOUNT VERNON,SD",06477500,43.77640219,-98.2456658,,,
"FIRST CR AB 96TH AVE, AT ROCKY MTN ARSENAL, CO",06720480,39.86748564,-104.8321963,06720460,06720460,06720460
"FIRST CR AT HWY 2, NEAR ROCKY MTN ARSENAL, CO",06720490,39.87776328,-104.856086,06720480,06720480,06720480
"FIRST CR BEL BUCKLEY RD, AT ROCKY MTN ARSENAL, CO",06720460,39.8080421,-104.7938618,06720480,06720480,06720480
"FIVEMILE CREEK NEAR SHOSHONI, WY",06253000,43.22191667,-108.2196944,,,
FLANDREAU CREEK ABOVE FLANDREAU SD,06480650,44.06269731,-96.48562891,,,
"FOOT CREEK NEAR ABERDEEN, SD",06471800,45.51919906,-98.577541,,,
"FOURMILE CANYON CREEK NEAR SUNSHINE, CO",06730160,40.0576111,-105.3487778,,,
"FOURMILE CREEK AT LOGAN MILL ROAD NEAR CRISMAN, CO",06727410,40.04202778,-105.3649167,06727500,06727500,06727500
"FOURMILE CREEK AT ORODELL, CO",06727500,40.01866667,-105.32625,06727410,06727410,06727410
FRENCH CREEK ABOVE FAIRBURN SD,06403300,43.7172105,-103.3679713,,,
Falls Hollow Trib at FLW(Outfall 21),06929900,37.6461111,-92.1025,,,
"Fee Fee Creek near Bridgeton, MO",06935955,38.72791667,-90.4475833,,,
"Firehole River at Old Faithful, YNP",06036805,44.4593333,-110.8222722,,,
Firehole River near West Yellowstone MT,06036905,44.6201833,-110.8635028,06036805,06036805,06036805
"Fishing River above Mosby, MO",06894200,39.33166957,-94.3368922,,,
Flatwillow Creek near Mosby MT,06130000,46.9286611,-107.9328417,,,
"Floyd River at Alton, IA",06600100,42.98280556,-96.0003333,,,
"Floyd River at James, IA",06600500,42.57638889,-96.3115556,06600100,06600100,06600100
"Frenchman Creek at Culbertson, Nebr.",06835500,40.23429167,-100.878075,,06834000,06834000
"Frenchman Creek at Palisade, Nebr.",06834000,40.35183056,-101.12335833,,,
"GOODMAN CREEK NEAR GOLDEN VALLEY, ND",06339960,47.29666667,-102.0938889,,,
"GRACE COOLIDGE CREEK NR GAME LODGE NR CUSTER,SD",06404998,43.76110028,-103.3640816,,,
"GRAND RIVER AT LITTLE EAGLE,SD",06357800,45.65777405,-100.8181933,06357600,06357600,06357600
"GRAND RIVER NEAR THUNDER HAWK, SD",06357600,45.7120972,-101.9207083,06356500,06355500,06356500
"GREEN RIVER NEAR NEW HRADEC, ND",06344600,47.0277231,-103.0533527,,,
"GREYBULL RIVER AT MEETEETSE, WY",06276500,44.15852778,-108.8725833,,,
"GYPSUM C NR GYPSUM, KS",06870300,38.62726389,-97.42755833,,,
"Gallatin River above Deer Creek, near Big Sky, MT",06043120,45.29727778,-111.2113917,,,
Gallatin River at Logan MT,06052500,45.8862472,-111.4420083,06043120,06048650,06043120
"Gallatin River near Gallatin Gateway, MT",06043500,45.4973,-111.2707083,06043120,06043120,06043120
"Gardner River near Mammoth, YNP",06191000,44.9923444,-110.690975,06190540,06190540,06190540
"Gasconade River at Jerome, MO",06933500,37.92991667,-91.9773333,06928000,06930000,06928000
"Gasconade River near Hazelgreen, MO",06928000,37.75913889,-92.4520278,,,
"Gasconade River near Rich Fountain, MO",06934000,38.38880556,-91.8198889,06933500,06930000,06933500
"Gibbon River at Madison Jct, YNP",06037100,44.6408,-110.8610639,06036940,06036940,06036940
"Goose Creek near Acme, WY",06305700,44.88631458,-106.9890182,,06303500,06303500
"Grand River near Fountain Grove, MO",06900800,39.6922222,-93.3252778,06896900,06899900,06896900
"Grand River near Gallatin, MO",06897500,39.9269517,-93.9427225,06896900,06896400,06896900
"Grand River near Pattonsburg, MO",06896900,40.0261111,-94.1272222,,06896400,06896400
"Grand River near Sumner, MO",06902000,39.64002778,-93.2736944,06896900,06899900,06896900
"HACKBERRY C NR TREGO CENTER, KS",06860900,38.83950556,-100.0585139,,,
"HARVARD GULCH AT COLORADO BLVD. AT DENVER, CO",06711570,39.66920278,-104.9425083,,,
"HARVARD GULCH AT HARVARD PARK AT DENVER, CO",06711575,39.67172222,-104.97702778,06711570,06711570,06711570
"HAT CREEK NEAR EDGEMONT,SD",06400000,43.2399736,-103.5882519,,,
"HAVANA INTERCEPT BL 56TH AV, AT ROCKY MTN ARS, CO",06720285,39.80109764,-104.8644203,,,
"HAY CREEK AT MAIN AVENUE AT BISMARCK, ND",06349600,46.80717809,-100.734102,,,
"HEART R AB LAKE TSCHIDA NR GLEN ULLIN, ND",06345780,46.6569506,-102.0793279,06343000,06343000,06343000
"HEART RIVER AT STARK BRIDGE NEAR JUDSON, ND",06348300,46.7033333,-101.2136111,06343000,06343000,06343000
"HEART RIVER NR MANDAN, ND",06349000,46.8338827,-100.9745789,06343000,06343000,06343000
"HEART RIVER NR RICHARDTON, ND",06345500,46.74555556,-102.3083333,06343000,06343000,06343000
"HEART RIVER NR SOUTH HEART, ND",06343000,46.86556675,-102.9485116,,,
"HELL CREEK ABV NF NORTH PLATTE RIVER NR WALDEN, CO",06613950,40.7327222,-106.4250444,,,
"HIGHLINE DITCH NEAR DAYTON, WY",06297500,44.85305556,-107.3047222,,,
"HORSE CR ABOVE VALE,SD",06436760,44.65265259,-103.366697,,,
"HORSEHEAD CREEK AT OELRICHS,SD",06400875,43.18803166,-103.2265866,,,
"HUNDRED AND TEN MILE C NR QUENEMO, KS",06912500,38.6450089,-95.5597037,,06911900,06911900
"Haines Branch at SW 56th St at Lincoln, Nebr.",06803093,40.76745,-96.79671944,,,
Hanging Woman Creek near Birney MT,06307600,45.29906389,-106.5081667,,,
"Hickory Branch near Mendon, MO",06902995,39.58252426,-93.1332572,,,
"Hinkson Creek at Columbia, MO",06910230,38.92775,-92.3399444,,,
"Howe Creek below Walker Draw near Center, Nebr.",06466470,42.673475,-97.85395833,,,
Hurd Hollow Trib at FLW(Outfall 16),06928359,37.70194444,-92.225,,,
Hyalite C at Hyalite R S nr Bozeman MT,06050000,45.56332778,-111.0718889,,,
ICY BROOK-LOCH VALE-RMNP,401707105395000,40.28666667,-105.6641667,,,
"INDIAN C AT 119TH ST, OVERLAND PARK, KS",385446094430700,38.91277778,-94.7186111,,,
"INDIAN C AT COLLEGE BLVD, JOHNSON CO, KS",385520094420000,38.9272222,-94.6969444,385446094430700,385446094430700,385446094430700
"INDIAN C AT INDIAN C PKWY, OVERLAND PARK, KS",385608094380300,38.93555556,-94.6341667,385520094420000,385520094420000,385520094420000
"INDIAN C AT OVERLAND PARK, KS",06893300,38.9405621,-94.6713469,385520094420000,385520094420000,385520094420000
"INDIAN C AT STATE LINE RD, LEAWOOD, KS",06893390,38.9383333,-94.6077778,385520094420000,385520094420000,385520094420000
"INLET CANAL ABOVE BELLE FOURCHE RESERVOIR,SD",06434505,44.70092898,-103.7327817,,,
"Indian Creek at 103rd St in Kansas City, MO",06893400,38.9419722,-94.6045,,385520094420000,385520094420000
"Interstate Canal at Lateral No 14, nr Morrill, NE",420141103523001,42.0290833,-103.8801111,,,
"Interstate Canal at Lateral No 8, nr Henry, NE",420449103593501,42.08027778,-103.9930556,,,
"Interstate Canal near Mintle, Nebr.",415922103404801,41.98944444,-103.68,,,
"Interstate Canal near Rattlesnake Hill, Nebr.",420327103464301,42.0575,-103.7786111,,,
"JACK CREEK ABOVE COYOTE DRAW, NEAR SARATOGA, WY",06627800,41.43912649,-106.9717146,,,
"JAMES RIVER ABOVE ARROWWOOD LAKE NR KENSAL, ND",06468250,47.3997189,-98.7976057,06468000,06468000,06468000
"JAMES RIVER AT ASHTON,SD",06473000,44.99830768,-98.480927,,06471000,06471000
"JAMES RIVER AT COLUMBIA,SD",06471000,45.6035795,-98.3103756,06470500,06470800,06470500
"JAMES RIVER AT HURON,SD",06476000,44.36359475,-98.199257,06471000,06471000,06471000
"JAMES RIVER AT JAMESTOWN, ND",06470000,46.8897222,-98.6816667,06468250,06468250,06468250
"JAMES RIVER AT LAMOURE, ND",06470500,46.35552489,-98.3045433,06468250,06468250,06468250
JAMES RIVER AT ND-SD STATE LINE,06470878,45.9363579,-98.1742692,,06470800,06470800
"JAMES RIVER AT NEW ROCKFORD, ND",06468000,47.68472059,-99.1253949,06467600,06467600,06467600
"JAMES RIVER NEAR FORESTBURG,SD",06477000,43.9738721,-98.070916,06471000,06471000,06471000
"JAMES RIVER NEAR MITCHELL,SD",06478000,43.65887165,-97.9192403,06471000,06471000,06471000
"JAMES RIVER NEAR REDFIELD,SD",06475000,44.91053097,-98.4720386,06471000,06471000,06471000
"JAMES RIVER NEAR SCOTLAND,SD",06478500,43.1858255,-97.635622,06471000,06471000,06471000
"JAMES RIVER NEAR STRATFORD,SD",06472000,45.24163936,-98.3914819,06471000,06471000,06471000
"JAMES RIVER NEAR YANKTON, SD",06478513,42.9958297,-97.3697806,06471000,06471000,06471000
"JAMES RIVER NR GRACE CITY, ND",06468170,47.5580525,-98.862885,06468000,06468000,06468000
"JAMES RIVER NR MANFRED, ND",06467600,47.64605556,-99.8295278,,,
"JAMES RIVER ON STATE HIGHWAY 46 NEAR ADRIAN, ND",06470425,46.6291309,-98.5723572,,06468250,06468250
"JOE WRIGHT CREEK ABOVE JOE WRIGHT RESERVOIR, CO",06746095,40.5399822,-105.88279,,,
"JOE WRIGHT CREEK BELOW JOE WRIGHT RESERVOIR, CO",06746110,40.5619264,-105.8639,06746095,06746095,06746095
"JOHNSTOWN DITCH AT HEADWORKS, NEAR KINNEAR, WY",06227596,43.15051377,-108.7287295,,06222510,06222510
"Jefferson River at Parsons Bdg nr Silver Star, MT",06027600,45.74750278,-112.1872278,06026500,06023800,06026500
Jefferson River near Three Forks MT,06036650,45.8971361,-111.5956722,06027600,06027600,06027600
Jefferson River near Twin Bridges MT,06026500,45.6132833,-112.3293972,06018500,06023800,06018500
"Johnson Creek near Memphis, Nebr.",06804900,41.14638889,-96.3869444,,,
Judith River above Carr Creek near Utica MT,06110020,46.9177222,-110.1889444,,,
"Judith River nr mouth, nr Winifred MT",06114700,47.6651583,-109.6520139,,06110020,06110020
"KANSAS R AB TOPEKA WEIR AT TOPEKA, KS",06888990,39.07194435,-95.7163715,06863000,06824000,06863000
"KANSAS R AT DESOTO, KS",06892350,38.9833375,-94.9646893,,06824000,06824000
"KANSAS R AT FORT RILEY, KS",06879100,39.06166457,-96.7663963,06863000,06824000,06863000
"KANSAS R AT LAWRENCE, KS",06891080,38.97327778,-95.2321111,06863000,06824000,06863000
"KANSAS R AT LECOMPTON, KS",06891000,39.05111157,-95.3863633,,,
"KANSAS R AT TOPEKA, KS",06889000,39.0666666,-95.6497028,06863000,06824000,06863000
"KANSAS R AT WAMEGO, KS",06887500,39.19833014,-96.3055532,,,
"KANSAS R NR BELVUE, KS",06888350,39.19305265,-96.1474945,06863000,06824000,06863000
"KANSAS R NR LAKE QUIVIRA, KS",06892518,39.0461111,-94.7894444,,,
"KEYA PAHA RIVER AT WEWELA,SD",06464500,43.0270872,-99.780921,,06464100,06464100
"KEYA PAHA RIVER NEAR KEYAPAHA,SD",06464100,43.12917164,-100.1070671,06463900,06463900,06463900
"KILL C AT 95TH ST NR DESOTO, KS",06892360,38.95666667,-94.9736111,,,
"KINGS C NR MANHATTAN, KS",06879650,39.102075,-96.5946889,,,
"KNIFE RIVER AT HAZEN, ND",06340500,47.2852816,-101.6221093,,06339960,06339960
"KNIFE RIVER AT MANNING, ND",06339100,47.2361259,-102.7699074,,,
"KNIFE RIVER NEAR BEULAH, ND",06340010,47.25388889,-101.7855556,06339100,06339960,06339100
"KNIFE RIVER NEAR GOLDEN VALLEY, ND",06339500,47.1543948,-102.0599856,06339100,06339100,06339100
"KNIFE RIVER NR STANTON, ND",06340590,47.35800937,-101.3977419,06340010,06339960,06340010
"Keg Creek at Epperson Avenue near Glenwood, IA",06805850,41.1021111,-95.7184167,,,
"L BLUE R NR BARNES, KS",06884400,39.72583518,-96.8047432,,06883000,06883000
"L BULL C NR SPRING HILL, KS",06914990,38.7675084,-94.8794073,,,
"L MEDICINE BOW R AT BOLES SPRING, NR MEDICINE BOW",06634620,41.96105917,-106.2092391,06634060,06634060,06634060
"L Medicine Bow R ab Sand Cr, nr Shirley Basin, WY",06634060,42.3311111,-106.1552778,,,
"L OSAGE R AT FULTON, KS",06917000,38.00892428,-94.7041264,,,
"LAKE CR ABOVE REFUGE NEAR TUTHILL,SD",06448000,43.08711217,-101.60387,,,
"LAKE CREEK BELOW REFUGE NEAR TUTHILL,SD",06449000,43.1459166,-101.5128713,06448000,06448000,06448000
"LAKEWOOD GULCH AT DENVER, CO",06711780,39.73519444,-105.0313611,,06711770,06711770
"LARAMIE R AND PIONEER CANAL NR WOODS LANDING, WY",06659500,41.13801288,-105.9808908,,,
"LARAMIE R BL PIONEER CANAL, NR WOODS LANDING, WY",06659502,41.13829066,-105.9803352,,06659500,06659500
"LARAMIE RIVER AT LARAMIE, WY",06660000,41.32777778,-105.6074167,06659502,06659580,06659502
"LARAMIE RIVER NEAR BOSLER, WY",06661585,41.5546769,-105.6833853,06659502,06659580,06659502
"LARAMIE RIVER NEAR FORT LARAMIE, WY",06670500,42.2005103,-104.5383548,06659502,06665790,06659502
"LEAVENWORTH CREEK AT MOUTH NEAR GEORGETOWN, CO",06714800,39.68720955,-105.7002821,,,
"LEE GULCH AT LITTLETON, CO",06709740,39.59611111,-105.01602778,,,
"LEFT HAND CREEK AT HOVER ROAD NEAR LONGMONT, CO",06724970,40.13427778,-105.1308194,,,
"LEFTHAND DITCH AT HEADWORKS, NEAR RIVERTON, WY",06227810,43.02607066,-108.5206659,06222100,06222510,06222100
"LENA GULCH AT LAKEWOOD, CO",06719560,39.74040278,-105.1488333,,,
"LITTLE DRY CREEK ABOVE ENGLEWOOD, CO",06711555,39.64914689,-104.97890217,06711515,06711515,06711515
"LITTLE DRY CREEK AT WESTMINSTER, CO",06719840,39.82655278,-105.0400639,,,
"LITTLE DRY CREEK NR ARAPAHOE RD AT CENTENNIAL, CO",06711515,39.59373611,-104.9065,,,
"LITTLE DRY CRK BLW FEDERAL BLVD AT WESTMINSTER, CO",06719845,39.81936667,-105.0214472,,,
"LITTLE GOOSE CREEK IN CANYON, NEAR BIG HORN, WY",06303500,44.5959722,-107.0397222,,,
"LITTLE LARAMIE RIVER NEAR FILMORE, WY",06661000,41.2949554,-106.0347828,,,
"LITTLE MISSOURI RIVER ABOVE MOUTH NEAR OAKDALE, ND",06337300,47.5978611,-102.7664722,06334500,06335750,06334500
"LITTLE MISSOURI RIVER AT CAMP CROOK,SD",06334500,45.5481343,-103.9712386,,,
"LITTLE MISSOURI RIVER AT MARMARTH, ND",06335500,46.29777778,-103.9175,06334500,06334500,06334500
"LITTLE MISSOURI RIVER AT MEDORA, ND",06336000,46.91684167,-103.53228333,06334500,06335750,06334500
"LITTLE MISSOURI RIVER NR WATFORD CITY, ND",06337000,47.59140556,-103.2526667,06334500,06335750,06334500
"LITTLE MUDDY RIVER BL COW CREEK NR WILLISTON, ND",06331000,48.2844683,-103.5729718,,06330515,06330515
"LITTLE OWL CREEK NEAR NUNN, CO",06753600,40.80525,-104.7621944,,,
"LITTLE POPO AGIE RIVER NEAR LANDER, WY",06233000,42.7166259,-108.6434455,,,
"LITTLE POWDER RIVER AB DRY CREEK, NEAR WESTON, WY",06324970,44.9268794,-105.3534087,,,
"LITTLE SPEARFISH CREEK NEAR LEAD, SD",06430850,44.3496865,-103.9359118,,,
"LITTLE VERMILLION R NEAR SALEM,SD",06478540,43.79464436,-97.3690086,,,
"LITTLE WHITE RIVER BELOW WHITE RIVER,SD",06450500,43.60138549,-100.7498608,06449500,06448000,06449500
"LITTLE WHITE RIVER NEAR MARTIN,SD",06447500,43.1669155,-101.6327322,,,
LITTLE WHITE RIVER NEAR ROSEBUD SD,06449500,43.3255586,-100.8837556,06447500,06448000,06447500
"LITTLE WHITE RIVER NEAR VETAL,SD",06449100,43.10069918,-101.232234,06447500,06448000,06447500
"LITTLE WIND RIVER NEAR RIVERTON, WY",06235500,42.9975,-108.3754167,06228350,06233000,06228350
"LONG LAKE CR BELOW LONG LAKE NR MOFFIT, ND",06349275,46.69165615,-100.2865012,,,
"LONG LAKE CREEK AT HWY 83 BRIDGE NR MOFFIT, ND",06349280,46.69916667,-100.2908333,,,
"LYON C NR JUNCTION CITY, KS",06878600,38.94916667,-96.8580556,,,
Lake Creek near Power MT,06090650,47.70790556,-111.40915,,,
Lamar River nr Tower Ranger Station YNP,06188000,44.92817778,-110.3942694,,06187950,06187950
"Lamine River near Otterville, MO",06906800,38.70225,-92.9788333,,,
"Lindley Creek near Polk, MO",06921200,37.7504722,-93.2661944,,,
Little Bighorn River at State Line nr Wyola MT,06289000,45.0071111,-107.6154083,,,
Little Bighorn River near Hardin MT,06294000,45.7356861,-107.5574694,06289000,06290000,06289000
Little Blue R. at Lees Summit Rd in Independence,06893820,39.0173611,-94.3872778,,,
"Little Blue River at County Line nr Deshler, Nebr.",06883530,40.21502778,-97.8206222,,,
"Little Blue River at Grandview, MO",06893750,38.8683333,-94.5208333,,,
"Little Blue River at Hollenberg, KS",06884025,39.98033333,-97.005125,,,
"Little Blue River near Deweese, Nebr.",06883000,40.3325,-98.0669444,,,
"Little Blue River near Fairbury, Nebr.",06884000,40.14649167,-97.19959444,,,
"Little Blue River near Lake City, MO",06894000,39.1005609,-94.3005038,06893820,06893970,06893820
"Little East Locust Creek near Browning, MO",06901250,40.06557598,-93.1404847,,,
"Little Nemaha River at Auburn, Nebr.",06811500,40.39262222,-95.81408333,,,
"Little Niangua River near Macks Creek, MO",06925250,37.9347222,-93.0669444,,,
"Little Osage River at Horton, MO",06917060,37.99480556,-94.3693056,06917000,06917000,06917000
"Little Papillion Cr at Ak-Sar-Ben at Omaha, Nebr.",06610765,41.24496944,-96.02013889,411337096004501,06610742,411337096004501
"Little Papillion Cr at Dodge St at Omaha, Nebr.",411535096020301,41.2597222,-96.0341667,411613096022601,06610742,411613096022601
"Little Papillion Cr at Grover St at Omaha, Nebr.",411337096004501,41.22694444,-96.0125,411613096022601,06610742,411613096022601
"Little Papillion Cr at Western Ave at Omaha, Nebr.",411613096022601,41.27027778,-96.0405556,06610750,06610742,06610750
"Little Papillion Creek at Irvington, Nebr.",06610750,41.31077222,-96.0475,,06610742,06610742
"Little Piney Creek at Newburg, MO",06932000,37.90952778,-91.9033333,,,
"Little Platte River at Smithville, MO",06821150,39.38805536,-94.5791215,06821080,06821080,06821080
"Little Platte River near Plattsburg, MO",06821080,39.56777778,-94.407,,,
Little Prickly Pear Cr at Wolf Cr MT,06071300,47.0054361,-112.070311,,,
"Little Sac River near Morrisville, MO",06918740,37.4828611,-93.4856389,,06918493,06918493
"Little Salt Creek near Lincoln, Nebr.",06803510,40.89321944,-96.68167222,,,
"Little Sioux River at 300th St near Spencer, IA",06604440,43.21277778,-95.2391667,,06603920,06603920
"Little Sioux River at Correctionville, IA",06606600,42.4822222,-95.7925278,06604440,06604440,06604440
"Little Sioux River at Linn Grove, IA",06605850,42.89630556,-95.243,06604440,06604440,06604440
"Little Sioux River near Turin, IA",06607500,41.96502778,-95.97225,06604440,06607200,06604440
"Locust Creek near Linneus, MO",06901500,39.89594444,-93.2365278,,06901205,06901205
"Lodge Creek near Chinook, MT",06146980,48.6753611,-109.275,,,
"Lodge Grass Cr ab Willow Cr diversion, nr Wyola MT",06291500,45.12648056,-107.5998917,,,
"Lodge Pole Creek at Lodge Pole, MT",06154430,48.0310972,-108.5326111,,,
"Lodgepole Creek at Bushnell, Nebr.",06762500,41.22777778,-103.8930556,,,
"Logan Creek at Wakefield, Nebr.",06799445,42.276525,-96.86194444,,,
"Logan Creek near Bancroft, Nebr.",06799460,42.0027707,-96.4905859,06799445,06799445,06799445
"Logan Creek near Uehling, Nebr.",06799500,41.71257222,-96.52235,06799460,06799460,06799460
"Long Branch Creek near Atlanta, MO",06906150,39.89730556,-92.49325,,,
"Long Pine Creek near Riverview, Nebr.",06463500,42.68963611,-99.67944722,,423754099522201,423754099522201
"Loon Creek near Orleans, IA",06603920,43.52109229,-95.1016623,,,
"Loup River Power Canal near Genoa, Nebr.",06792500,41.40949722,-97.79375556,,06784000,06784000
"Loup River at Columbus, Nebr.",06794500,41.41666667,-97.3566667,,06792500,06792500
"Loup River near Genoa, Nebr.",06793000,41.41751389,-97.722925,,,
MAPLE RIVER AT ND-SD STATE LINE,06471200,45.93886156,-98.4526004,,,
"MARAIS DES CYGNES R AT LA CYGNE, KS",06915800,38.34529858,-94.7724591,06910800,06910800,06910800
"MARAIS DES CYGNES R AT MELVERN, KS",06911000,38.51611111,-95.69611111,06910800,06910800,06910800
"MARAIS DES CYGNES R NR KS-MO ST LINE, KS",06916600,38.2186367,-94.6130113,06910800,06910800,06910800
"MARAIS DES CYGNES R NR OTTAWA, KS",06913500,38.61806669,-95.2683071,06910800,06910800,06910800
"MARAIS DES CYGNES R NR POMONA, KS",06913000,38.5841777,-95.4535902,06910800,06910800,06910800
"MARAIS DES CYGNES R NR READING, KS",06910800,38.56695524,-95.961657,,,
"MARMATON R NR FORT SCOTT, KS",06917500,37.848929,-94.7027392,06917240,06917240,06917240
"MARMATON R NR MARMATON, KS",06917380,37.81754116,-94.7919095,06917240,06917240,06917240
"MARMATON R NR UNIONTOWN, KS",06917240,37.83559565,-94.981361,,,
"MEDICINE BOW R AB SEMINOE RESERVOIR, NR HANNA, WY",06635000,42.00966817,-106.5131381,06630465,06630465,06630465
"MEDICINE CREEK NEAR LOWER BRULE, SD",06442600,44.01637796,-99.745113,,,
"MICHIGAN RIVER NEAR CAMERON PASS, CO",06614800,40.49609409,-105.8650119,,,
"MIDDLE FORK POWDER RIVER NEAR BARNUM, WY",06309200,43.57773999,-107.1383995,,,
"MILL C AT JOHNSON DRIVE, SHAWNEE, KS",06892513,39.02916667,-94.8172222,,,
"MILL C AT WASHINGTON, KS",06884200,39.81361476,-97.0375267,,,
"MILL C NR PAXICO, KS",06888500,39.06472106,-96.1691605,,,
"MISSOURI RIVER AT BISMARCK, ND",06342500,46.81416667,-100.8213889,06027600,06320000,06027600
"MISSOURI RIVER AT GARRISON DAM, ND",06338490,47.5022218,-101.4309953,06027600,06320000,06027600
"MISSOURI RIVER AT PIERRE,SD",06440000,44.3730377,-100.3679114,06027600,06320000,06027600
"MISSOURI RIVER AT YANKTON, SD",06467500,42.86608985,-97.3939586,06027600,06320000,06027600
"MISSOURI RIVER NEAR SCHMIDT, ND",06349700,46.65638889,-100.7391667,06027600,06320000,06027600
"MISSOURI RIVER NR WILLISTON, ND",06330000,48.1080792,-103.7146446,06027600,06320000,06027600
MOREAU RIVER AT PROMISE SD,06361000,45.3431222,-100.6133889,06360500,06360500,06360500
"MOREAU RIVER NEAR FAITH,SD",06359500,45.19775826,-102.1565472,,,
"MOREAU RIVER NEAR WHITEHORSE,SD",06360500,45.2558171,-100.8429214,06359500,06359500,06359500
"MUDDY CREEK NEAR SHOSHONI, WY",06258000,43.2860368,-108.2757079,,,
"MULBERRY C NR SALINA, KS",06869950,38.8444476,-97.6683699,,,
MURRAY DITCH ABV HEADGATE AT WY-SD STATE LINE,06429997,44.5763739,-104.0560453,,,
Madison River ab powerplant nr McAllister MT,06040800,45.4865944,-111.6338583,06040050,06040050,06040050
"Madison River at Ennis, MT",06040050,45.34756389,-111.72246389,06038800,06037100,06038800
Madison River at Kirby Ranch nr Cameron MT,06038800,44.88865556,-111.580886,06037500,06037100,06037500
Madison River bl Ennis Lake nr McAllister MT,06041000,45.49023056,-111.6345056,06040050,06040050,06040050
Madison River bl Hebgen Lake nr Grayling MT,06038500,44.86639167,-111.3387806,06037500,06037100,06037500
Madison River near Cameron MT,06040000,45.2331333,-111.7516333,06038800,06037100,06038800
"Madison River near West Yellowstone, MT",06037500,44.6570722,-111.0679639,06036905,06037100,06036905
"Maple Creek near Nickerson, Nebr.",06800000,41.56124444,-96.54101667,,,
"Maple River at Mapleton, IA",06607200,42.15677778,-95.8102778,,,
Marias River near Chester MT,06101500,48.3059611,-111.0805278,,,
Marias River near Loma MT,06102050,47.94590278,-110.5808389,06092020,06094900,06092020
Marias River near Shelby MT,06099500,48.4271972,-111.889836,06092020,06094900,06092020
"Maries River at Westphalia, MO",06927000,38.43180556,-91.9886111,,,
"Marmaton River near Nevada, MO",06918060,37.86202778,-94.39925,06917240,06917630,06917240
"Marmaton River near Richards, MO",06917560,37.8647222,-94.5822222,06917240,06917240,06917240
McCourtney Hollow Trib at FLW(Outfall 13),06930015,37.68916667,-92.1033333,,,
"Medicine Bow R ab E Fk Med Bow nr Elk Mountain, WY",06630465,41.54777778,-106.4097222,,,
"Medicine Creek at Lucerne, MO",06899900,40.45444444,-93.2863889,,,
"Medicine Creek near Laredo, MO",06900050,40.0266111,-93.4362222,06899900,06899900,06899900
"Middle Creek at SW 63rd St at Lincoln, Nebr.",06803170,40.81097778,-96.80608889,,,
"Middle Loup River at Dunning, Nebr.",06775500,41.83110278,-100.10086667,,,
"Middle Loup River at Saint Paul, Nebr.",06785000,41.20394444,-98.44635833,,,
"Middle Loup River near Gates, Nebr.",06777495,41.66317778,-99.63570556,,06775900,06775900
Milk River at Cree Crossing nr Saco MT,06155900,48.5405861,-107.5199306,06135000,06135000,06135000
Milk River at Eastern Crossing of Int Bndry,06135000,48.9748194,-110.4217778,06132200,06133500,06132200
Milk River at Havre MT,06140500,48.5636861,-109.6959556,06135000,06135000,06135000
Milk River at Juneberg Bridge nr Saco MT,06164510,48.50920278,-107.2187556,06135000,06135000,06135000
Milk River at Malta MT,06155500,48.3621944,-107.876375,06135000,06135000,06135000
"Milk River at Merrill Rd, nr Harlem, MT",06153800,48.52430556,-108.8551667,06135000,06135000,06135000
Milk River at Nashua MT,06174500,48.13005278,-106.3643139,06135000,06135000,06135000
Milk River at Tampico MT,06172310,48.30790556,-106.8223167,06135000,06135000,06135000
Milk River near Dodson MT,06155030,48.40277778,-108.2940944,06135000,06135000,06135000
Milk River near Harlem MT,06154100,48.48964167,-108.75895,06135000,06135000,06135000
"Mill Creek near Florissant, MO",06935997,38.8489722,-90.2859444,,,
"Minnechaduza Cr at U.S. Hwy 83 at Valentine, Nebr.",425250100334501,42.88055556,-100.5625,,,
"Missouri River above Parkville, MO",06821250,39.19165278,-94.7698417,06027600,06796550,06027600
"Missouri River at Boonville, MO",06909000,38.980306,-92.7454638,06027600,06893970,06027600
Missouri River at Cascade MT,06074000,47.2694861,-111.6952306,06027600,06040050,06027600
"Missouri River at Decatur, NE",06601200,42.0078333,-96.2429167,06027600,06320000,06027600
Missouri River at Fort Benton MT,06090800,47.8169111,-110.6661417,06027600,06078500,06027600
"Missouri River at Glasgow, MO",06906500,39.2222512,-92.848798,,,
"Missouri River at Hermann, MO",06934500,38.70980556,-91.4385,06027600,06893970,06027600
"Missouri River at Hwy 370 at Bellevue, Nebr.",06610670,41.13738889,-95.88253333,06027600,06320000,06027600
"Missouri River at Jefferson City, MO",06910450,38.5871111,-92.1786389,,,
"Missouri River at Kansas City, MO",06893000,39.1117222,-94.5881389,06027600,06824000,06027600
"Missouri River at Napoleon, MO",06894650,39.1336111,-94.0638889,,,
"Missouri River at Nebraska City, NE",06807000,40.68180556,-95.8470833,06027600,06796550,06027600
"Missouri River at Omaha, NE",06610000,41.25905556,-95.92325,06027600,06320000,06027600
"Missouri River at Plattsmouth, NE",06805600,41.0011104,-95.8666751,06027600,06796550,06027600
"Missouri River at Rulo, NE",06813500,40.05205556,-95.42175,06027600,06796550,06027600
"Missouri River at Sioux City, IA",06486000,42.48619444,-96.4130833,06027600,06320000,06027600
"Missouri River at St. Charles, MO",06935965,38.78719444,-90.4718056,06027600,06893970,06027600
"Missouri River at St. Joseph, MO",06818000,39.75325,-94.8568333,06027600,06796550,06027600
Missouri River at Toston MT,06054500,46.1465722,-111.4202778,06027600,06040050,06027600
Missouri River at Virgelle MT,06109500,48.0037833,-110.2588222,06027600,06078500,06027600
"Missouri River at Washington, MO",06935450,38.5597222,-91.0075,06027600,06893970,06027600
"Missouri River at Waverly, MO",06895500,39.2150194,-93.5152118,06027600,06893970,06027600
Missouri River below Fort Peck Dam MT,06132000,48.044425,-106.3562583,06027600,06078500,06027600
Missouri River bl Hauser Dam near Helena MT,06065500,46.76619167,-111.8887944,06027600,06040050,06027600
Missouri River bl Holter Dam nr Wolf Cr MT,06066500,46.99473889,-112.0106667,06027600,06040050,06027600
Missouri River near Culbertson MT,06185500,48.1235,-104.4733,06027600,06135000,06027600
Missouri River near Great Falls MT,06090300,47.5844444,-111.0605806,06027600,06078500,06027600
"Missouri River near Labadie, MO",06935550,38.5658333,-90.8391667,,,
Missouri River near Landusky MT,06115200,47.63143056,-108.6877444,06027600,06078500,06027600
"Missouri River near Maskell, Nebr.",06478526,42.72205556,-96.94901389,06027600,06320000,06027600
Missouri River near Ulm MT,06078200,47.43496667,-111.3884444,06027600,06040050,06027600
Missouri River near Wolf Point MT,06177000,48.067325,-105.5330972,06027600,06135000,06027600
"Moniteau Creek near Fayette, MO",06909500,39.1208333,-92.5672222,,,
"Monona-Harrison Ditch near Turin, IA",06602400,41.96491667,-95.99175,,,
"Moreau River near Jefferson City, MO",06910750,38.52902778,-92.1920278,,,
"Mozingo Creek near Pickering, MO",06819550,40.4311111,-94.7722222,,,
Muddy Creek at Vaughn MT,06088500,47.56126667,-111.54176944,06088300,06088300,06088300
"Muddy Creek near Chula, MO",06900640,39.87944444,-93.3972222,,,
Muddy Creek near Vaughn MT,06088300,47.6250222,-111.6354056,,,
Musgrave Hollow Trib at FLW,06928320,37.6347222,-92.1863889,,,
"Mussel Fork near Musselfork, MO",06906000,39.52352778,-92.9496389,,,
Musselshell River ab Big Coulee Creek at Lavina MT,06125600,46.28905556,-108.9376111,06118500,06118500,06118500
Musselshell River ab Mud Cr nr Shawmut MT,06123030,46.31899167,-109.4605472,06118500,06118500,06118500
Musselshell River at Harlowton MT,06120500,46.4288,-109.8411944,06118500,06118500,06118500
Musselshell River at Mosby MT,06130500,46.99469167,-107.8891639,06118500,06118500,06118500
Musselshell River at Musselshell MT,06127500,46.522425,-108.1088722,06118500,06118500,06118500
Musselshell River near Lavina MT,06126050,46.29231389,-108.8927083,06118500,06118500,06118500
Musselshell River near Roundup MT,06126500,46.4277194,-108.5701028,06118500,06118500,06118500
"Musselshell River nr Martinsdale, MT",06119600,46.4769583,-110.2489667,06118500,06118500,06118500
N F Milk River ab St. Mary canal nr Browning MT,06133500,48.96352778,-113.0623556,,,
N FK CACHE LA POUDRE R ABV HALLIGAN RES NR VA DALE,06751145,40.8945833,-105.3672222,,,
N FK CACHE LA POUDRE R BLW HALLIGAN RES NR VA DALE,06751150,40.87831637,-105.3380411,06751145,06751145,06751145
"N PLATTE RIV AB SEMINOE RESERVOIR, NR SINCLAIR, WY",06630000,41.87216636,-107.0575984,,06613950,06613950
"N.F. SOUTH PLATTE RIVER ABOVE ELK CRK AT PINE, CO",06706400,39.4074891,-105.3191615,,,
"NF POWDER RIVER BELOW PASS CREEK, NR MAYOWORTH, WY",06311400,43.911357,-106.8894999,06311000,06311000,06311000
"NF SOLOMON R AT GLADE, KS",06871000,39.67284444,-99.3092389,,,
"NF SOLOMON R AT PORTIS, KS",06872500,39.55300278,-98.6923222,06871000,06871000,06871000
NF Smith R ab conf nr White Sulphur Springs,463138110580001,46.52708889,-110.9666306,,,
"NORTH BRUSH CREEK NEAR SARATOGA, WY",06622700,41.37022978,-106.520632,,,
"NORTH CLEAR CREEK ABOVE MOUTH NR BLACK HAWK, CO",06718550,39.74887674,-105.3997159,,,
"NORTH FORK CACHE LA POUDRE RIVER AT LIVERMORE, CO",06751490,40.7874815,-105.2522047,06751150,06751150,06751150
"NORTH FORK GRAND RIVER ABOVE BOWMAN-HALEY LAKE, ND",06354890,45.9524438,-103.3069613,,,
"NORTH FORK GRAND RIVER NEAR WHITE BUTTE,SD",06355500,45.80222,-102.3623795,06354890,06354980,06354890
"NORTH FORK POWDER RIVER NEAR HAZELTON, WY",06311000,44.02774228,-107.0808955,,,
"NORTH FORK SHOSHONE RIVER AT WAPITI, WY",06279940,44.4714444,-109.4183528,,,
"NORTH PLATTE RIVER AT ORIN, WY",06652000,42.65247578,-105.1592123,06630000,06613950,06630000
NORTH PLATTE RIVER AT WYOMING-NEBRASKA STATE LINE,06674500,41.98857008,-104.0533373,06657000,06665790,06657000
"NORTH PLATTE RIVER BELOW WHALEN DIVERSION DAM, WY",06657000,42.2410095,-104.6280247,06630000,06613950,06630000
"NORTH PLATTE RIVER NEAR NORTHGATE, CO",06620000,40.93663889,-106.3391944,,06613950,06613950
Nelson Creek near Van Norman MT,06131200,47.5365944,-106.1534528,,,
"Niangua River ab Lake Niangua nr Macks Creek, MO",06923940,37.8633333,-92.8980556,06923250,06923250,06923250
"Niangua River at Tunnel Dam near Macks Creek, MO",06923950,37.93694444,-92.8513611,06923940,06923940,06923940
"Niangua River at Windyville, MO",06923250,37.68430556,-92.9246389,,,
"Niobrara River Near Spencer, Nebr.",06465000,42.81194425,-98.6517525,06461150,06461595,06461150
"Niobrara River at Agate, Nebr.",06454100,42.4236111,-103.7922222,,,
"Niobrara River at Mariaville, Nebr.",06463720,42.78140833,-99.33471389,,06461595,06461595
"Niobrara River near Sparks, Nebr.",06461500,42.90207778,-100.36252778,,,
"Niobrara River near Verdel, Nebr.",06465500,42.73979444,-98.22286111,06461150,06461595,06461150
"Nishnabotna River above Hamburg, IA",06810000,40.60119444,-95.6445,06808820,06809500,06808820
"Nodaway River at Clarinda, IA",06817000,40.7432222,-95.0145278,,,
"Nodaway River near Burlington Junction, MO",06817500,40.44491667,-95.0903056,06817000,06817000,06817000
"Nodaway River near Graham, MO",06817700,40.20252778,-95.0695833,06817500,06817500,06817500
"North Fork Big Nemaha River at Humboldt, Nebr.",06814500,40.15666944,-95.94480833,,,
"North Fork Elkhorn River near Pierce, Nebr.",06799100,42.14846667,-97.47872222,,,
North Fork Republican River at Colorado-Nebraska,06823000,40.06940278,-102.05158889,,,
North Fork Sun River near Augusta MT,06078500,47.6398611,-112.8593333,,,
"North Loup River at Brewster, Nebr.",06785500,41.94173889,-99.86010278,,,
"North Loup River at Taylor, Nebr.",06786000,41.77693333,-99.37970278,,,
"North Loup River near Saint Paul, Nebr.",06790500,41.26334596,-98.449236,06785500,06785500,06785500
"North Oak Creek at Valparaiso, Nebr.",06803430,41.07491667,-96.83891667,06803420,06803420,06803420
"North Oak Creek near Touhy, Nebr.",06803420,41.13331667,-96.87241944,,,
"North Platte River at Scottsbluff, Nebr.",06680500,41.85050833,-103.67551944,06657000,06665790,06657000
"OAK CR NEAR WAKPALA,SD",06354882,45.7119422,-100.5593015,06354881,06354881,06354881
"OAK CREEK NR RATTLESNAKE BUTTE NR WAKPALA, SD",06354881,45.72842778,-100.596275,,,
"Oak Creek at Air Park Road at Lincoln, Nebr.",06803486,40.85539167,-96.77925556,,06803430,06803430
"Ocheyedan River near Spencer, IA",06605000,43.12766667,-95.2104444,,,
"Omaha Creek at Homer, Nebr.",06601000,42.32140833,-96.48793056,,06600900,06600900
"One Hundred Two River near Bolckow, MO",06820410,40.1135833,-94.8376111,06819500,06819550,06819500
"One Hundred and Two River at Maryville, MO",06819500,40.3455,-94.8323611,06819185,06819185,06819185
"Osage River above Schell City, MO",06918070,38.0558611,-94.1454167,06910800,06910800,06910800
"Osage River at Taberville, MO",06918250,38.00388889,-93.9947222,06910800,06910800,06910800
"Osage River at Tuscumbia, MO",06926080,38.23253889,-92.4586111,,,
"Osage River at Warsaw, MO",06922500,38.2445,-93.3871111,06910800,06910800,06910800
"Osage River below St. Thomas, MO",06926510,38.42144444,-92.20825,06910800,06910800,06910800
"Osage River near Bagnell, MO",06926000,38.1907222,-92.6071389,06910800,06910800,06910800
Otter Creek at Ashland MT,06307740,45.58838889,-106.2550556,,,
"PAINTED WOODS CREEK NR STILL, ND",06341790,47.2694444,-100.6427778,,,
"PAINTED WOODS CREEK NR WASHBURN, ND",06341950,47.25925,-100.9198889,06341790,06341790,06341790
"PAINTED WOODS CREEK NR WILTON, ND",06341800,47.2741944,-100.7896389,06341790,06341790,06341790
"PARADISE C NR PARADISE, KS",06867500,39.05919167,-98.8422917,,,
"PASS CREEK NEAR ELK MOUNTAIN, WY",06628900,41.58606047,-106.6109148,,,
"PEORIA INTERCEPT BL 56TH AV, AT ROCKY MTN ARS, CO",06720280,39.79887546,-104.8616424,,,
"PINEY CREEK AT KEARNY, WY",06323000,44.5354835,-106.8223419,06320500,06320500,06320500
"PIONEER CANAL NEAR WOODS, WY",06659501,41.1391415,-105.9797283,,,
"PIPESTEM CREEK NEAR BUCHANAN, ND",06469500,47.0663814,-98.918998,,,
"PIPESTEM CREEK NEAR PINGREE, ND",06469400,47.1674635,-98.9690423,,,
"PLATTE CREEK NEAR PLATTE, SD",06452320,43.3272192,-98.9706446,,,
"PLUM CREEK AT TITAN ROAD NEAR LOUVIERS, CO",06709530,39.50736944,-105.0244667,06708690,06708690,06708690
"PLUM CREEK BELOW HAYES, SD",06441110,44.21053769,-100.7265279,,,
"PLUM CREEK NEAR SEDALIA, CO.",06709000,39.43831639,-104.98306724,06708690,06708690,06708690
"PORCUPINE CREEK NEAR FORT YATES, ND",06354815,46.19328885,-100.751875,,,
"POTTAWATOMIE C AT LANE, KS",06914500,38.4439057,-95.084136,06914000,06914000,06914000
"POTTAWATOMIE C NR GARNETT, KS",06914000,38.333631,-95.2488634,,,
"POTTAWATOMIE C NR SCIPIO, KS",06914100,38.34888889,-95.2033333,06914000,06914000,06914000
"POWDER RIVER ABOVE BURGER DRAW, NEAR BUFFALO, WY",06313590,44.144378,-106.1392595,06313500,06311000,06313500
"POWDER RIVER AT ARVADA, WY",06317000,44.64993155,-106.127598,06313590,06316400,06313590
"POWDER RIVER AT SUSSEX, WY",06313500,43.6970861,-106.3061944,06309200,06311000,06309200
"PRAIRIE DOG C AB KEITH SEBELIUS LAKE, KS",06847900,39.769727,-100.1006875,,,
"PRAIRIE DOG C NR WOODRUFF, KS",06848500,39.978775,-99.4781028,06847900,06847900,06847900
"PRAIRIE DOG CR AT WAKELEY SIDING, NR SHERIDAN, WY",06306200,44.84219467,-106.8811776,,,
"Papillion Cr at Harlan Lewis Rd nr La Platte, Nebr",06610798,41.08210556,-95.88975556,,,
"Papillion Cr at South 42nd St at Bellevue, Nebr.",410845095584201,41.1458333,-95.9783333,06610793,06610793,06610793
"Papillion Creek at Fort Crook, Nebr.",06610795,41.11779167,-95.93690278,410845095584201,06610742,410845095584201
Pass Creek near Wyola MT,06290000,45.05626389,-107.3559,06289600,06289600,06289600
Peoples Cr bl Kuhr Coulee nr Dodson MT,06154550,48.3636333,-108.3562389,06154390,06154390,06154390
"Peoples Creek near Cleveland, MT",06154390,48.26405556,-108.8618278,,,
Peoples Creek near Hays MT,06154400,48.2237333,-108.7140528,06154390,06154390,06154390
"Perry Creek at 38th Street at Sioux City, IA",06600000,42.5352222,-96.4104444,06599900,06599900,06599900
"Perry Creek near Hinton, IA",06599950,42.6197153,-96.3725279,06599900,06599900,06599900
"Perry Creek near Millnerville, IA",06599900,42.6933333,-96.3703056,,,
"Petite Saline Creek at Hwy U nr Boonville, M0",06909950,38.9172222,-92.7041667,,,
"Platte R Mid-Ch, Cottonwood Ranch nr Elm Cr, Nebr.",06768035,40.6855652,-99.439268,06714215,06665790,06714215
"Platte R, J2 Outflow and S Ch, near Overton, Nebr.",06767970,40.67683889,-99.56795556,06714215,06665790,06714215
"Platte R,So-Ch,Cottonwood Ranch nr Overton, Nebr.",06768025,40.67888889,-99.4891667,06714215,06665790,06714215
"Platte River at La Platte, Nebr.",06805570,41.05786111,-95.928,06796550,06796550,06796550
"Platte River at Louisville, Nebr.",06805500,41.01497778,-96.1575,06796550,06796550,06796550
"Platte River at North Bend, Nebr.",06796000,41.45317778,-96.77539444,06714215,06792500,06714215
"Platte River at Sharps Station, MO",06821190,39.4009722,-94.7268333,06820500,06819550,06820500
"Platte River near Agency, MO",06820500,39.68802778,-94.7026111,,06819550,06819550
"Platte River near Ashland, Nebr.",06801000,41.06225556,-96.32451389,,,
"Platte River near Duncan, Nebr.",06774000,41.36813611,-97.49473611,06714215,06665790,06714215
"Platte River near Grand Island, Nebr.",06770500,40.87411667,-98.28219167,06714215,06665790,06714215
"Platte River near Kearney, Nebr.",06770200,40.65805556,-99.0861111,06714215,06665790,06714215
"Platte River near Leshara, Nebr.",06796500,41.32,-96.4038889,06714215,06792500,06714215
"Platte River near Overton, Nebr.",06768000,40.68257222,-99.54023611,06714215,06665790,06714215
"Platte River near Venice, Nebr.",06796550,41.19797778,-96.33948611,06714215,06792500,06714215
"Platte River nr Schuyler, Nebr.",06794700,41.414175,-97.05973056,06714215,06792500,06714215
"Pomme de Terre River at Hermitage, MO",06921500,37.9458333,-93.3095556,06921350,06921350,06921350
"Pomme de Terre River near Hermitage, MO",06921350,37.90605556,-93.3289167,06921070,06921070,06921070
"Pomme de Terre River near Polk, MO",06921070,37.68266667,-93.3703333,,,
"Ponca Creek at Verdel, Nebr.",06453600,42.81086111,-98.17539722,,,
Poplar River at international boundary,06178000,48.9902861,-105.6969083,,,
Poplar River near Poplar MT,06181000,48.11791667,-105.1928167,,06178000,06178000
Powder River at Moorhead MT,06324500,45.0571972,-105.8783778,06317000,06320000,06317000
Powder River near Locate MT,06326500,46.4294361,-105.3103306,06317000,06320000,06317000
"Prairie Creek near Silver Creek, Nebr.",06773500,41.32923333,-97.67545,,,
"Prairie Dog Creek near Acme, WY",06306250,44.98381516,-106.8398478,06306200,06306200,06306200
Prickly Pear Creek near Clancy MT,06061500,46.5190972,-111.946786,,,
Pryor Creek at Pryor MT,06216000,45.43467778,-108.5336528,,,
Pryor Creek nr Huntley MT,06216900,45.8196944,-108.2903333,06216000,06216000,06216000
Pumpkin Creek near Miles City MT,06308400,46.22835556,-105.6906083,,,
"RAPID CR AT RAPID CITY,SD",06414000,44.08551554,-103.241843,06412200,06410000,06412200
"RAPID CR BL SEWAGE TREATMENT PL NR RAPID CITY, SD",06418900,44.0236549,-103.095844,06418800,06418800,06418800
"RAPID CR NEAR FARMINGDALE,SD",06421500,43.94210239,-102.8539247,06418800,06418800,06418800
"RAPID CREEK ABOVE PACTOLA RES AT SILVER CITY,  SD",06410500,44.08470785,-103.5804702,,06410000,06410000
"RAPID CREEK ABOVE WRF NR RAPID CITY, SD",06418800,44.02680556,-103.1011111,06416000,06410000,06416000
"RAPID CREEK ABV CANYON LAKE NEAR RAPID CITY,SD",06412500,44.05276555,-103.3118507,06412200,06410000,06412200
"RAPID CREEK ABV JOHNSON SIDING BLW PACTOLA DAM,SD",06411900,44.08198719,-103.4429383,06410500,06410000,06410500
"RAPID CREEK ABV VICTORIA CREEK NR RAPID CITY, SD",06412200,44.0465988,-103.3515742,06410500,06410000,06410500
"RAPID CREEK AT BIG BEND NR RAPID CITY,SD",06412000,44.05498747,-103.417132,06410500,06410000,06410500
"RAPID CREEK BELOW PACTOLA DAM,SD",06411500,44.07665378,-103.482134,06410500,06410000,06410500
"RAPID CREEK BLW HAWTHORN DITCH AT RAPID CITY,SD",06416000,44.06726568,-103.18093,06412200,06410000,06412200
REDWATER CREEK AT WY-SD STATE LINE,06430500,44.5718625,-104.0536449,,06429997,06429997
"REDWATER RIVER ABOVE BELLE FOURCHE,SD",06433000,44.66720665,-103.8393696,06430500,06430850,06430500
"RENO GULCH NEAR HILL CITY,SD",06406760,43.9097067,-103.6124162,,,
"REPUBLICAN R AT CLAY CENTER, KS",06856600,39.3555515,-97.1275203,06844500,06824000,06844500
"REPUBLICAN R AT CONCORDIA, KS",06856000,39.58866944,-97.6582056,,,
"REPUBLICAN R AT JUNCTION CITY, KS",06857100,39.0427758,-96.8294533,06844500,06824000,06844500
"REPUBLICAN R AT SCANDIA, KS",06854500,39.79873,-97.7931266,06844500,06824000,06844500
"REPUBLICAN R NR HARDY, NE",06853500,39.9936611,-97.9318583,06844500,06824000,06844500
"RHOADS FORK NEAR ROCHFORD,SD",06408700,44.13387149,-103.8615912,,,
"ROCK C NR LOUISVILLE, KS",06888300,39.24916286,-96.3149982,,,
"ROCK CREEK AB KING CANYON CANAL, NR ARLINGTON, WY",06632400,41.58522927,-106.222847,,,
"ROCK CREEK NEAR BUFFALO, WY",06320000,44.456039,-106.8790096,,06320500,06320500
Red Lodge Cr ab Cooney Re nr Boyd MT,06211000,45.43785,-109.2533111,,,
"Red Rock Cr ab Lakes, nr Lakeview, MT",06006000,44.61579167,-111.6256694,,,
Red Rock R bl Lima Reservoir nr Monida MT,06012500,44.65588056,-112.3712222,06006000,06006000,06006000
"Red Willow Creek near Red Willow, Nebr.",06838000,40.23503056,-100.50074167,,,
Redwater River at Circle MT,06177500,47.4139722,-105.5756444,,,
Redwater River near Vida MT,06177825,47.9022361,-105.2128083,06177500,06177500,06177500
"Republican River at Benkelman, Nebr.",06824500,40.03378333,-101.54305833,06821500,06824000,06821500
"Republican River at Cambridge, Nebr.",06843500,40.28444444,-100.1436111,,,
"Republican River at Guide Rock, Nebr.",06853020,40.06390278,-98.33028056,06844500,06824000,06844500
"Republican River at McCook, Nebr.",06837000,40.18755278,-100.61890556,06824500,06824000,06824500
"Republican River at Stratton, Nebr.",06828500,40.14089167,-101.23025556,06824500,06824000,06824500
"Republican River near Orleans, Nebr.",06844500,40.13202222,-99.50302222,06837000,06824000,06837000
"Rock Creek at Kentucky Road in Independence, MO",06893620,39.11194444,-94.4722222,,,
"Rock Creek at Parks, Nebr.",06824000,40.04246389,-101.72831944,,,
Rock Creek bl Horse Creek nr int'l boundary,06169500,48.969375,-106.8398417,,,
"Rock Creek near Ceresco, Nebr.",06803530,41.01585278,-96.54456111,,,
Rock Creek near Red Lodge MT,06209500,45.0861472,-109.3291889,,,
"Rock River below Tom Creek at Rock Rapids, IA",06483290,43.42313889,-96.1649167,,,
"Rock River near Rock Valley, IA",06483500,43.2150833,-96.2950278,06483290,06483290,06483290
Rosebud C Bel Lame Deer C nr Lame Deer MT,06295220,45.67582545,-106.700309,06295113,06295113,06295113
Rosebud C at Reservation Bndry nr Kirby MT,06295113,45.36116667,-106.9903556,,,
"Rosebud Creek at Hwy 447 bridge nr Rosebud, MT",06295900,46.19803056,-106.4925694,06295113,06295113,06295113
Rosebud Creek at mouth near Rosebud MT,06296003,46.26463056,-106.4752306,06295900,06295900,06295900
"Roubidoux Creek above Fort Leonard Wood, MO",06928300,37.6010833,-92.2338056,,,
Roubidoux Creek at Polla Rd bl Ft. Leonard Wood,06928420,37.79194444,-92.1833333,06928300,06928300,06928300
"Roubidoux Creek below Fort Leonard Wood, MO",06928430,37.81938889,-92.1945556,06928300,06928300,06928300
"Ruby River above reservoir near Alder, MT",06019500,45.1923194,-112.1428167,,,
"Ruby River below reservoir near Alder, MT",06020600,45.2418694,-112.1112389,06019500,06019500,06019500
Ruby River near Twin Bridges MT,06023000,45.50691389,-112.3308889,06019500,06019500,06019500
"S CLEAR CR ABV LOWER CABIN CR RES NR GEORGETOWN,CO",06714400,39.64900556,-105.7074833,,,
S CLEAR CR ABV LWR CABIN CR RES SPILWY NR GEORGTWN,06714500,39.6631,-105.7063278,06714400,06714400,06714400
"SALINE R AT LINCOLN, KS",06868850,39.02831944,-98.1501667,06866900,06866900,06866900
"SALINE R AT TESCOTT, KS",06869500,39.0037861,-97.8733944,06868850,06868850,06868850
"SALINE R AT WILSON DAM, KS",06868200,38.9747332,-98.4903429,06866900,06866900,06866900
"SALINE R NR RUSSELL, KS",06867000,38.9658611,-98.8540917,,,
"SALINE R NR WAKEENEY, KS",06866900,39.1061861,-99.86955,,,
"SALT C AT LYNDON, KS",06911490,38.60139907,-95.6847068,,,
"SALT C NR ADA, KS",06876700,39.13912778,-97.83655,,,
SAND CREEK AT COLORADO-WYOMING STATE LINE,06659580,40.99365,-105.7597028,,,
"SAND CREEK AT MOUTH NR COMMERCE CITY,CO",394839104570300,39.8109722,-104.9515833,,06712000,06712000
"SAND CREEK NEAR RANCH A, NEAR BEULAH, WY",06429905,44.52022088,-104.0839176,,06429500,06429500
"SAND CRK ABV BURLINGTON DITCH NR COMMERCE CITY, CO",06714360,39.81025,-104.9503333,,,
"SAPPA C NR LYLE, KS",06845110,40.0016,-99.9924889,,06844900,06844900
"SF L WIND RIV AB WASHAKIE RES, NR FT WASHAKIE, WY",06228350,42.96828927,-109.037628,,,
"SF REPUBLICAN R NR CO-KS ST LINE, KS",06827000,39.67184444,-102.0132611,,,
"SF SAPPA C NR ACHILLES, KS",06844900,39.67694848,-100.722093,,,
"SF SOLOMON R AB WEBSTER RE, KS",06873000,39.37667456,-99.5801096,,,
"SF SOLOMON R AT OSBORNE, KS",06874000,39.42778826,-98.6942395,06873000,06873000,06873000
"SF SOLOMON R AT WOODSTON, KS",06873460,39.4397325,-99.1017567,06873000,06873000,06873000
"SHELL CREEK ABOVE SHELL CREEK RESERVOIR, WY",06278300,44.5079801,-107.4037496,,,
"SHELL CREEK NEAR SHELL, WY",06278500,44.56492245,-107.712927,06278300,06278300,06278300
"SHOSHONE RIVER BELOW BUFFALO BILL RESERVOIR, WY",06282000,44.51658049,-109.0979716,06279940,06280300,06279940
"SHOSHONE RIVER NEAR LOVELL, WY",06285100,44.83852799,-108.4351763,,06284010,06284010
"SHUNGANUNGA C AT TOPEKA, KS",06889630,39.02972276,-95.685815,,,
"SKUNK CREEK AT SIOUX FALLS,SD",06481500,43.53358676,-96.7908849,,06481480,06481480
"SKUNK CREEK NEAR CHESTER,SD",06481480,43.8481959,-96.8368313,,,
"SMOKY HILL R AT ELKADER, KS",06860000,38.7947354,-100.8584796,,,
"SMOKY HILL R AT ELLSWORTH, KS",06864500,38.72667589,-98.2336684,06863000,06863000,06863000
"SMOKY HILL R AT ENTERPRISE, KS",06877600,38.90638906,-97.1177952,06863000,06876900,06863000
"SMOKY HILL R AT LINDSBORG, KS",06866000,38.56380659,-97.6664947,06863000,06863000,06863000
"SMOKY HILL R AT NEW CAMBRIA, KS",06870200,38.8639972,-97.4831556,,06868850,06868850
"SMOKY HILL R AT PFEIFER, KS",06863000,38.7147345,-99.1537086,,06860900,06860900
"SMOKY HILL R BL SCHOENCHEN, KS",06862850,38.71223475,-99.292325,06862700,06860900,06862700
"SMOKY HILL R NR ARNOLD, KS",06861000,38.80778889,-100.0222667,06860000,06860900,06860000
"SMOKY HILL R NR BUNKER HILL, KS",06864050,38.79390014,-98.781192,06863000,06863000,06863000
"SMOKY HILL R NR ELLIS, KS",06862500,38.768626,-99.560039,06860000,,06860000
"SMOKY HILL R NR LANGLEY, KS",06865500,38.61146944,-97.9525639,,06863000,06863000
"SMOKY HILL R NR MENTOR, KS",06866500,38.7111152,-97.5717015,06863000,06863000,06863000
"SMOKY HILL R NR RUSSELL, KS",06864000,38.7766781,-98.8548066,06863000,06863000,06863000
"SMOKY HILL R NR SCHOENCHEN, KS",06862700,38.71167927,-99.3470492,06860000,,06860000
"SOLDIER C NR CIRCLEVILLE, KS",06889160,39.46316585,-95.950609,06889110,06889110,06889110
"SOLDIER C NR DELIA, KS",06889200,39.23833024,-95.8885992,06889110,06889110,06889110
"SOLDIER C NR TOPEKA, KS",06889500,39.0994439,-95.7249828,,06889110,06889110
"SOLDIER CREEK NR CORNING, KS",06889110,39.6095472,-95.9760556,,,
"SOLOMON R AT BELOIT, KS",06876000,39.45450957,-98.1098985,,06871000,06871000
"SOLOMON R AT NILES, KS",06876900,38.96899167,-97.4770444,06871000,06871000,06871000
"SOLOMON R NR GLEN ELDER, KS",06875900,39.4738987,-98.2836658,,06871000,06871000
"SOLOMON R NR MINNEAPOLIS, KS",06876440,39.12002778,-97.7112889,06871000,06871000,06871000
"SOUTH BRANCH BEAVER CREEK NEAR ZEELAND, ND",06354480,46.11388889,-99.8369444,,,
"SOUTH BRUSH CREEK NEAR SARATOGA, WY",06622900,41.3438411,-106.5264653,,,
"SOUTH FORK BAD RIVER NEAR COTTONWOOD,SD",06440200,43.9690175,-101.767229,,,
"SOUTH FORK GRAND RIVER NEAR CASH,SD",06356500,45.6486883,-102.6433259,,,
"SOUTH FORK SHOSHONE RIVER AB BUFFALO BILL RES, WY",06281000,44.41907987,-109.2579755,06280300,06280300,06280300
"SOUTH FORK SHOSHONE RIVER NEAR VALLEY, WY",06280300,44.20788889,-109.55525,,,
"SOUTH PINEY CREEK AT WILLOW PARK, WY",06320500,44.46631585,-107.0348481,,,
"SOUTH PLATTE R AT 64TH AVE. COMMERCE CITY, CO.",06714215,39.81220846,-104.9583129,,,
"SOUTH PLATTE RIVER ABOVE CHEESMAN LAKE, CO.",06700000,39.16276858,-105.3102732,,06696980,06696980
"SOUTH PLATTE RIVER AT ENGLEWOOD, CO.",06711565,39.66497989,-105.00418085,06700000,06708690,06700000
"SOUTH PLATTE RIVER AT FORT LUPTON, CO.",06721000,40.11609435,-104.8185831,06714215,06714800,06714215
"SOUTH PLATTE RIVER AT FORT MORGAN, CO",06759500,40.26840278,-103.8011917,06714215,06714800,06714215
"SOUTH PLATTE RIVER AT JULESBURG, CO",06764000,40.97499276,-102.2518517,06714215,06714800,06714215
"SOUTH PLATTE RIVER BELOW UNION AVE, AT ENGLEWOOD,C",06710247,39.63248027,-105.01501425,06700000,06708690,06700000
"SOUTH PLATTE RIVER BLW BRUSH CRK NEAR TRUMBULL, CO",06701900,39.25999025,-105.2219379,,06701700,06701700
"SPEARFISH CREEK ABOVE SPEARFISH, SD",06430900,44.40165056,-103.8949267,06430770,06430850,06430770
"SPEARFISH CREEK AT SPEARFISH,SD",06431500,44.48248388,-103.861592,06430770,06430850,06430770
"SPEARFISH CREEK NR LEAD, SD",06430770,44.29921736,-103.8681641,,,
"SPLIT ROCK CREEK AT CORSON, SD",06482610,43.61636576,-96.56532366,,,
"SPRING CREEK AT OREVILLE, NEAR HILL CITY,SD",06406700,43.8662367,-103.6240667,,,
"SPRING CREEK AT ZAP, ND",06340000,47.2861188,-101.925726,,06339960,06339960
"SPRING CREEK NEAR HALEY, ND",06354980,46.0177216,-103.2919615,,,
"SPRING CREEK NEAR KEYSTONE,SD",06407500,43.97871038,-103.3460469,06406700,06406760,06406700
"SQUARE BUTTE CREEK BELOW CENTER, ND",06342260,47.05749409,-101.1957001,,,
ST VRAIN CR BLW BOULDER CR AT HWY 119 NR LONGMONT,06730525,40.16046667,-105.0079361,06725450,06727500,06725450
"ST. VRAIN CREEK BELOW LONGMONT, CO",06725450,40.1574222,-105.0153944,,06724970,06724970
"STOCKADE BEAVER CREEK NEAR NEWCASTLE, WY",06392950,43.85883476,-104.1072452,,06392900,06392900
"STONEPILE CREEK AT MOUTH, NEAR GILLETTE, WY",06426160,44.2677147,-105.4386822,,,
"STRANGER C AT EASTON, KS",06891850,39.3464082,-95.1088678,06891810,06891810,06891810
"STRANGER C NR POTTER, KS",06891810,39.4477753,-95.162191,,,
"STRANGER C NR TONGANOXIE, KS",06892000,39.1163912,-95.0108006,,06891850,06891850
"SUNDAY GULCH BELOW JOHNSON CANYON NR HILL CITY,SD",06406740,43.86942944,-103.58241585,,,
"SWEETBRIAR CREEK NEAR JUDSON, ND",06348500,46.85106476,-101.2532875,,,
"SWEETWATER RIVER NEAR ALCOVA, WY",06639000,42.4900222,-107.1411944,06638090,06638090,06638090
"SWEETWATER RIVER NEAR SWEETWATER STATION, WY",06638090,42.5038205,-108.2506982,,,
"SYBILLE CREEK AB CANAL NO. 3, NEAR WHEATLAND, WY",06665790,41.91106537,-105.1272599,,,
"SYBILLE CREEK AB MULE CREEK, NEAR WHEATLAND, WY",06664400,41.84412105,-105.2214289,,,
"Sac River at Hwy J below Stockton, MO",06919020,37.73588889,-93.7796944,06919000,06918460,06919000
"Sac River near Caplinger Mills, MO",06919900,37.8698333,-93.8031667,06919000,06919500,06919000
"Sac River near Dadeville, MO",06918440,37.44313889,-93.6848889,,,
"Sac River near Stockton, MO",06919000,37.70105278,-93.7567806,,06918460,06918460
"Salt Creek at 27th Street at Lincoln, Nebr.",06803500,40.84651667,-96.68198333,06803486,06803080,06803486
"Salt Creek at 70th Street at Lincoln, Nebr.",06803513,40.885925,-96.62426389,06803500,06803080,06803500
"Salt Creek at Greenwood, Nebr.",06803555,40.96529444,-96.45533889,06803513,,06803513
"Salt Creek at Innovation Campus at Lincoln, Nebr.",06803495,40.83861111,-96.69138889,06803500,06803080,06803500
"Salt Creek at Pioneers Boulevard at Lincoln, Nebr.",06803080,40.77011944,-96.71880278,06803000,06803000,06803000
"Salt Creek at Roca, Nebr.",06803000,40.657725,-96.66546944,,,
"Salt Creek near Ashland, Nebr.",06805000,41.05166667,-96.3386111,06804000,06804900,06804000
"Sand Draw at 430th Av nr Ainsworth, Nebr.",423754099522201,42.63166667,-99.8727778,,,
"Sappa Creek near Stamford, Nebr.",06847500,40.11849167,-99.51707222,06845110,06844900,06845110
"Shell Creek near Columbus, Nebr.",06795500,41.52596389,-97.28159722,,,
"Shields River ab Smith Cr, nr Wilsall, MT",06192980,46.1671611,-110.5542861,06192978,06192900,06192978
"Shields River bl SF Shields River nr Wilsall, MT",06192978,46.167125,-110.4919472,,06192900,06192900
Shields River nr Livingston MT,06195600,45.7383611,-110.4794694,06192980,06192900,06192980
"Shoal Creek near Braymer, MO",06899700,39.69913889,-93.7958056,,,
"Shoshone River ab Willwood Dam, nr Ralston, WY",06283995,44.66121667,-108.9275278,06282000,06280300,06282000
"Shoshone River bl Willwood Dam, nr Ralston, WY",06284010,44.6717583,-108.9153944,06282000,06280300,06282000
"Silver Creek, at Mile 4 near Silver Creek, Nebr.",06772898,41.29734722,-97.71403056,,,
Smith River bl Eagle Cr nr Fort Logan MT,06077200,46.82798056,-111.1922389,06076560,06076600,06076560
Smith River bl Newlan Cr nr White Sulphur Springs,06076560,46.59105,-111.0576861,,463138110580001,463138110580001
Smith River near Eden MT,06077500,47.18929167,-111.3862389,06077200,,06077200
Smith River near Ft Logan MT,06076690,46.7958,-111.1785556,06076560,06076600,06076560
"Smithville Reservoir near Smithville, MO",06821140,39.39722195,-94.5571763,06821080,06821080,06821080
Soda Butte Cr at Park Bndry at Silver Gate,06187915,45.00283056,-110.0018722,,,
Soda Butte Cr nr Lamar Ranger Station YNP,06187950,44.86898889,-110.164775,06187915,06187915,06187915
"Soldier River at Pisgah, IA",06608500,41.8305833,-95.93225,,,
"South Fork Chariton River near Promise City, IA",06903700,40.80044444,-93.1926861,,,
"South Fork Dry Sac River near Springfield, MO",06918493,37.26638889,-93.2494722,,,
South Fork Milk River near Babb MT,06132200,48.7534833,-113.1674306,,,
South Fork Musselshell R ab Martinsdale MT,06118500,46.45324167,-110.3822889,,,
"South Fork Musselshell River at Martinsdale, MT",06119200,46.4623194,-110.3185028,,06118500,06118500
"South Fork Republican River near Benkelman, Nebr.",06827500,40.00986667,-101.54238056,06827000,06827000,06827000
South Fork Sun River near Augusta MT,06079000,47.6286083,-112.865761,,,
"South Grand River at Archie, MO",06921590,38.49158056,-94.3442444,,,
"South Grand River at Urich, MO",06921600,38.45223976,-94.0043859,06921590,06921590,06921590
"South Grand River near Clinton, MO",06921760,38.37013889,-93.8581111,,06921720,06921720
"South Loup River at Arnold, Nebr.",06781600,41.42277778,-100.20338056,,,
"South Loup River at Pressey WMA near Oconto, Nebr.",06781900,41.19255278,-99.70871389,06781600,06781600,06781600
"South Loup River at Saint Michael, Nebr.",06784000,41.03232778,-98.74045556,06781600,06781600,06781600
"South Omaha Creek at Walthill, Nebr.",06600900,42.14819167,-96.48358056,,,
"South Papillion Creek at Chalco, Nebr.",06610788,41.18015556,-96.13878611,,,
"South Platte River at Roscoe, Nebr.",06764880,41.1261111,-101.5766667,06714215,06714800,06714215
"Spanish Lake Trib. nr Black Jack, MO",06936530,38.7979722,-90.21425,,,
"Spirit Lake near Orleans, IA",06604000,43.46991667,-95.1243333,,06603920,06603920
"Spring Branch Ck at Holke Rd in Independence, MO",06893970,39.08416667,-94.3372222,,,
"Spring Creek at Stahl, MO",06904650,40.28388889,-92.7919444,,,
"Spring Creek near Overton, Nebr.",06768020,40.70715556,-99.55978889,,06665790,06665790
St. Mary Canal at St. Mary Crossing near Babb MT,05018500,48.94696667,-113.3753306,,,
St. Mary Canal at intake near Babb MT,05018000,48.85277778,-113.4169444,,,
"Stevens Creek near Lincoln, Nebr.",06803520,40.85716667,-96.59512778,,,
"Stillwater River near Absarokee, MT",06205000,45.53674167,-109.4220556,,06204050,06204050
Sun River at Simms MT,06085800,47.50162778,-111.9319139,,06078500,06078500
Sun River bl Diversion Dam nr Augusta MT,06080900,47.61850556,-112.6920556,06079000,06078500,06079000
Sun River bl Willow Cr nr Augusta MT,06082200,47.5471361,-112.3674306,06080900,06078500,06080900
Sun River near Vaughn MT,06089000,47.52577778,-111.511036,06085800,06078500,06085800
"TARRYALL CREEK AT UPPER STATION NEAR COMO, CO",06696980,39.33942424,-105.91170596,,,
THE LOCH OUTLET - LOCH VALE,401733105392404,40.29305556,-105.6544444,,401707105395000,401707105395000
"TOBACCO GARDEN CREEK NEAR WATFORD CITY, ND",06331680,47.99244695,-103.1664229,,,
"TOLL GATE CREEK ABOVE 6TH AVE AT AURORA, CO",394329104490101,39.72508889,-104.8178944,,06712000,06712000
"TOMAHAWK C NR OVERLAND PARK, KS",06893350,38.9061111,-94.64,,,
"TONGUE RIVER AT MONARCH, WY",06299980,44.9002032,-107.0209639,06298000,06298000,06298000
"TONGUE RIVER NEAR DAYTON, WY",06298000,44.8494123,-107.3045253,,,
"TROUT CREEK BLW FERN CR NR WESTCREEK, CO.",06701620,39.16749104,-105.1222112,,,
"TURKEY C NR SENECA, KS",06814000,39.9477773,-96.1086149,,,
TURKEY CREEK ABOVE BEAR CREEK LAKE NEAR MORRISON C,06711040,39.64070833,-105.15935,,,
"TURKEY CREEK NEAR WILBER, NEBR.",06881200,40.48000398,-97.0122523,,,
"Tantalus Creek at Norris Junction, YNP",06036940,44.732725,-110.7132528,,,
"Tarkio River at Fairfax, MO",06813000,40.33941667,-95.4068333,,,
"Tavern Creek below St. Elizabeth, MO",06926290,38.27777778,-92.2333333,,,
Tenmile Creek near Helena MT,06063000,46.60500556,-112.0882639,06062500,06062500,06062500
Tenmile Creek near Rimini MT,06062500,46.5238972,-112.2566472,,,
Teton River at Loma MT,06108800,47.9327194,-110.5144333,06102500,06102500,06102500
Teton River bl South Fork nr Choteau MT,06102500,47.8830833,-112.6119833,,,
Teton River near Dutton MT,06108000,47.930325,-111.5529417,,06102500,06102500
"Thomas Creek near Bennington, Nebr.",06610742,41.36467778,-96.10032222,,,
"Thompson Creek at 72nd Street at La Vista, Nebr.",411057096012501,41.1826583,-96.0236444,,,
"Thompson River at Davis City, IA",06898000,40.64027778,-93.8080556,,,
"Thompson River at Trenton, MO",06899500,40.06930556,-93.6380278,,06898000,06898000
"Tongue R ab T & Y Div Dam nr Miles City, MT",06307990,46.18750218,-105.779996,06298000,06298000,06298000
Tongue R at Birney Day School Br nr Birney MT,06307616,45.41160556,-106.4573528,06298000,06298000,06298000
Tongue R bl Brandenberg bridge nr Ashland MT,06307830,45.8403861,-106.2234333,06298000,06298000,06298000
"Tongue River at Ashland, MT",06307662,45.59775,-106.2749444,06298000,06298000,06298000
"Tongue River at Miles City, MT",06308500,46.3845944,-105.8455222,06298000,06298000,06298000
Tongue River at State Line nr Decker MT,06306300,45.0091361,-106.8359444,06298000,,06298000
Tongue River at Tongue R Dam nr Decker MT,06307500,45.141275,-106.7713556,,06298000,06298000
"Tri-State Canal near Mintle, Nebr.",415626103434001,41.94055556,-103.7277778,,,
"Tri-State Canal near Mitchell, Nebr.",415812103493701,41.97,-103.8269444,,,
"Turkey Creek near DeWitt, Nebr.",06881380,40.3669833,-96.8894694,06881200,06881200,06881200
"Turnback Creek above Greenfield, MO",06918460,37.4023611,-93.8020278,,,
"Two Medicine River ab Badger Cr, nr Piegan, MT",06092020,48.5077222,-112.6122694,06091700,06091700,06091700
Two Medicine River bl South Fork nr Browning MT,06091700,48.42695278,-112.9899833,,,
"Tyler Falls at Ft Niobrara NWR nr Valentine, Nebr.",06461150,42.9036111,-100.4258333,06454100,425250100334501,06454100
"UPPER WIND RIV A CANAL AT HEADWORKS, NR BURRIS, WY",06222100,43.4163454,-109.3284733,06218500,06221400,06218500
"UVALDA INTERCEPT BL 56TH AV AT ROCKY MTN ARS, CO",06720255,39.79943105,-104.8363636,,,
"Upper Smith Branch bl Eng. Ponds at FLW, MO",06928380,37.72638889,-92.1738889,,,
"VERMILLION C NR WAMEGO, KS",06888000,39.34777386,-96.2174979,,,
"VERMILLION RIVER NEAR VERMILLION,SD",06479010,42.8172187,-96.9242106,06478600,06478690,06478600
"Verdigre Creek near Verdigre, Nebr.",06465700,42.65454167,-98.04311944,,,
W Rosebud Cr at Emerald Lk Campground nr Roscoe,06204070,45.25438735,-109.6998945,06204050,06204050,06204050
"WAKARUSA R NR LAWRENCE, KS",06891500,38.9113923,-95.261084,,06891260,06891260
"WAKARUSA R NR RICHLAND, KS",06891260,38.89194444,-95.5944444,,,
"WEIR GULCH UPSTREAM FROM 1ST AVE. AT DENVER, CO",06711618,39.71724722,-105.04201111,,,
WEST CR. ABV SHREWSBURY GULCH NR WESTCREEK CO,06701700,39.145425,-105.1600111,,,
"WEST FORK CLEAR CREEK ABV MOUTH NR EMPIRE, CO",06716100,39.75887636,-105.6600025,,,
"WEST FORK VERMILLION RIVER NEAR PARKER,SD",06478690,43.41562216,-97.2051972,,,
"WEST PASS CREEK NEAR PARKMAN, WY",06289600,44.9877441,-107.4828685,,,
"WEST PLUM CREEK AT SEDALIA, CO",06708690,39.42927778,-104.96777778,06708600,06708600,06708600
"WEST PLUM CREEK NEAR PERRY PARK, CO",06708600,39.2594722,-104.9519028,,,
"WHITE EARTH RIVER ABOVE MOUTH NEAR MANITOU, ND",06332190,48.21188056,-102.7797361,06332000,06332000,06332000
"WHITE EARTH RIVER AT WHITE EARTH, ND",06332000,48.37555556,-102.7672222,,,
"WHITE RIVER NEAR INTERIOR,SD",06446500,43.69388346,-101.9326516,06446000,06446000,06446000
"WHITE RIVER NEAR KADOKA,SD",06447000,43.7524949,-101.5248665,06446500,06446500,06446500
WHITE RIVER NEAR NE-SD STATE LINE,06445685,43.013036,-102.8357327,,,
"WHITE RIVER NEAR OACOMA,SD",06452000,43.74832745,-99.5564948,06447450,06447450,06447450
WHITE RIVER NEAR OGLALA SD,06446000,43.25484357,-102.8273511,06445685,06445685,06445685
"WHITE RIVER NEAR WHITE RIVER, SD",06447450,43.71304839,-100.6850534,06446500,06446500,06446500
"WHITE ROCK C NR BURR OAK, KS",06853800,39.89918,-98.2503276,,,
"WHITEWOOD CREEK ABOVE VALE,SD",06436198,44.617485,-103.4807452,,06436165,06436165
"WHITEWOOD CREEK ABOVE WHITEWOOD,SD",06436180,44.4422065,-103.6293606,06436170,06436165,06436170
"WHITEWOOD CREEK AT DEADWOOD, SD",06436170,44.37994546,-103.724182,,06436165,06436165
"WHITEWOOD CREEK NEAR WHITEWOOD,SD",06436190,44.54175655,-103.5719867,06436170,06436165,06436170
"WILD HORSE CREEK NEAR ARVADA, WY",06317020,44.6324821,-106.0319671,,,
"WILDCAT C AT SCENIC DRIVE, MANHATTAN, KS",06879810,39.18838889,-96.6425556,,,
"WILLOW CREEK NEAR WATERTOWN,SD",06479515,44.9188536,-97.0456271,,,
"WIND RIVER AB BOYSEN RESERVOIR, NR SHOSHONI, WY",06236100,43.1289722,-108.2248333,,,
"WIND RIVER ABOVE RED CREEK, NEAR DUBOIS, WY",06220800,43.441622,-109.4587584,06218500,06218500,06218500
"WIND RIVER AT RIVERTON, WY",06228000,43.01051478,-108.3767701,,06222510,06222510
"WIND RIVER BELOW BOYSEN RESERVOIR, WY",06259000,43.4249254,-108.1790398,06222100,06222510,06222100
"WIND RIVER NEAR DUBOIS, WY",06218500,43.57856415,-109.7598835,,,
"WIND RIVER NEAR KINNEAR, WY",06227600,43.14277778,-108.7088889,06222100,06222510,06222100
"WOLF CREEK AT WOLF, WY",06299500,44.77242459,-107.2343027,,,
"Wahoo Creek at Ashland, Nebr.",06804700,41.05339444,-96.36792222,06804000,,06804000
"Wahoo Creek at Ithaca, Nebr.",06804000,41.14774722,-96.53835,,,
"Wakenda Creek at Carrollton, MO",06896000,39.34325,-93.4855361,,,
"Warm Slough near Central City, Nebr.",06772775,41.0908333,-98.0777778,,,
"Weaubleau Creek near Weaubleau, MO",06920520,37.89549167,-93.5147611,,,
"Weeping Water Creek at Union, Nebr.",06806500,40.79416667,-95.9113889,,,
"West Fork Beaver Creek nr Rocky Boy, MT",06139800,48.1761472,-109.6421333,,,
"West Fork Big Blue River near Dorchester, Nebr.",06880800,40.73151667,-97.17776667,,,
"West Fork Ditch at Hornick, IA",06602020,42.22705556,-96.07783333,,,
"West Nishnabotna River at Hancock, IA",06807410,41.3901111,-95.3720556,,,
"West Nishnabotna River at Randolph, IA",06808500,40.87327778,-95.5814444,,,
"West Nishnabotna River near Riverton, IA",06808820,40.6871396,-95.6004929,06807410,06807410,06807410
"West Papillion Creek at Millard, Nebr.",06610785,41.20756389,-96.12731111,,,
"West Papillion Creek at Papillion, Nebr.",06610793,41.15598611,-96.04283333,06610785,,06610785
West Rosebud Creek near Roscoe MT,06204050,45.24323889,-109.7313028,,,
White Horse Canal near Silesia MT,06208790,45.5163372,-108.8315328,,06207500,06207500
"Willow Creek at Atwood Rd nr Carns, Nebr.",06463670,42.7172222,-99.4147222,,,
Willow Creek near Boyd MT,06211500,45.4221472,-109.2305306,,,
"Willow Creek near Galata, MT",06101200,48.44865556,-111.3453056,,,
Willow Creek near Harrison MT,06035000,45.7230583,-111.741025,,,
"Wind River near Crowheart, WY",06225500,43.2425,-109.0105556,06222100,06222510,06222100
"Wood River at Grand Island, Nebr.",06772100,40.8747222,-98.3783333,,,
Yellowstone River Fish Bypass Channel nr Intake MT,06328495,47.2637222,-104.5396667,,,
Yellowstone River at Billings MT,06214500,45.8001194,-108.4680306,06192500,06192900,06192500
Yellowstone River at Corwin Springs MT,06191500,45.1121194,-110.7936667,06186500,06188000,06186500
Yellowstone River at Forsyth MT,06295000,46.2666361,-106.6913028,06192500,06192900,06192500
"Yellowstone River at Glendive, MT",06327500,47.10588889,-104.7184306,06192500,06320000,06192500
"Yellowstone River at Miles City, MT",06309000,46.4207722,-105.8600333,06192500,06192900,06192500
Yellowstone River at Yellowstone Lk Outlet YNP,06186500,44.56709167,-110.3804056,,,
"Yellowstone River near Livingston, MT",06192500,45.5972111,-110.5664972,06191500,06188000,06191500
Yellowstone River near Sidney MT,06329500,47.67741389,-104.1554111,06192500,06320000,06192500
